Id,First Name,Last Name,Password,Email,Date of Birth,Has HIV,Diagnosis Date,On ART Drugs,ART Start Date,Country of Residence,Role
,,,f07245df80ee034f9519eed5d761e5979380e417366cf1119c10328c6dfe9016,admin@testmail.com,,false,,false,,,"ADMIN"
473f30ed-6cd5-4d4b-b229-741b7d4ea840,Grace,Doe,f07245df80ee034f9519eed5d761e5979380e417366cf1119c10328c6dfe9016,gracedoe778@testmail.com,09-04-1984,false,,false,,SSD,PATIENT
d40a8bbf-df8a-4d43-8741-42a1c2c9dc77,Test,Johnson,f07245df80ee034f9519eed5d761e5979380e417366cf1119c10328c6dfe9016,testjohnson418@testmail.com,02-12-1999,true,06-11-2014,true,10-08-2007,STP,PATIENT
1d4f83e9-ce7d-48ff-a94e-d71ccb006451,Test,Wilson,f07245df80ee034f9519eed5d761e5979380e417366cf1119c10328c6dfe9016,testwilson84@testmail.com,22-03-1991,false,,false,,SDN,PATIENT
01359d19-7cda-4b09-8dc3-8cf48e30ac87,Charlie,Doe,f07245df80ee034f9519eed5d761e5979380e417366cf1119c10328c6dfe9016,charliedoe3@testmail.com,05-12-1980,true,09-04-2017,true,10-01-2015,BEN,PATIENT
014c5612-0dee-41da-8a28-8eb14830dac9,John,Johnson,f07245df80ee034f9519eed5d761e5979380e417366cf1119c10328c6dfe9016,johnjohnson336@mail.com,08-02-1998,true,,false,02-10-2017,ZWE,PATIENT
458186cf-6952-4f01-a3fa-3689a9c2aa56,Bob,Anderson,f07245df80ee034f9519eed5d761e5979380e417366cf1119c10328c6dfe9016,bobanderson756@testmail.com,04-01-1964,true,18-11-2009,true,10-01-2000,MOZ,PATIENT
3fe97ac1-3e1b-4da1-8d98-27276823c6e4,Jane,Brown,f07245df80ee034f9519eed5d761e5979380e417366cf1119c10328c6dfe9016,janebrown796@mail.com,14-09-1999,false,,false,,ZMB,PATIENT
b81ff034-45ea-4eb9-b6e9-16aacb76cd31,Charlie,Brown,f07245df80ee034f9519eed5d761e5979380e417366cf1119c10328c6dfe9016,charliebrown322@mail.com,04-01-1966,true,,false,22-09-1981,CAF,PATIENT
f18c736b-7812-4a22-8ffa-cf17e9843ba2,Jane,Johnson,f07245df80ee034f9519eed5d761e5979380e417366cf1119c10328c6dfe9016,janejohnson144@testmail.com,21-07-1968,true,,false,09-07-1980,DJI,PATIENT
b48f150c-a30e-4507-ab23-fc01743f737d,Bob,Wilson,f07245df80ee034f9519eed5d761e5979380e417366cf1119c10328c6dfe9016,bobwilson461@testmail.com,18-09-1964,false,,false,,ETH,PATIENT
d939ba0f-a5f0-4a26-9f40-e94a1a7a1721,Test,Brown,f07245df80ee034f9519eed5d761e5979380e417366cf1119c10328c6dfe9016,testbrown666@testmail.com,23-05-1999,false,,false,,MWI,PATIENT
44da0ac3-100e-4717-815b-7a0ec4af72e5,Frank,Wilson,f07245df80ee034f9519eed5d761e5979380e417366cf1119c10328c6dfe9016,frankwilson453@mail.com,30-09-1965,true,,false,21-09-2005,GNQ,PATIENT
8b78dd20-1ec6-4b34-bad4-2fd1dde95089,John,Thomas,f07245df80ee034f9519eed5d761e5979380e417366cf1119c10328c6dfe9016,johnthomas603@example.com,11-09-1983,false,,false,,MDG,PATIENT
15f88dee-ba43-4569-8c4a-ac278a45be13,John,Smith,f07245df80ee034f9519eed5d761e5979380e417366cf1119c10328c6dfe9016,johnsmith958@example.com,31-12-1965,false,,false,,GMB,PATIENT
247a4408-0e33-4a54-9db1-c5d6abd51da4,Test,Thomas,f07245df80ee034f9519eed5d761e5979380e417366cf1119c10328c6dfe9016,testthomas656@example.com,29-03-1996,true,,false,30-09-2012,NGA,PATIENT
1148bdcc-1a8f-4f99-9aaa-36d035c84a92,Test,Doe,f07245df80ee034f9519eed5d761e5979380e417366cf1119c10328c6dfe9016,testdoe420@mail.com,21-06-1961,false,,false,,TUN,PATIENT
212b46c2-c01d-410f-a20d-61f9b69b2aa6,Jane,Wilson,f07245df80ee034f9519eed5d761e5979380e417366cf1119c10328c6dfe9016,janewilson920@testmail.com,27-05-1993,false,,false,,RWA,PATIENT
5cfe82cd-c3e0-4e27-94b5-38cc948ee886,Eva,Thomas,f07245df80ee034f9519eed5d761e5979380e417366cf1119c10328c6dfe9016,evathomas599@testmail.com,18-11-1982,false,,false,,SYC,PATIENT
7859ad5f-9d1a-419e-a9e0-45e3005cf206,Jane,Doe,f07245df80ee034f9519eed5d761e5979380e417366cf1119c10328c6dfe9016,janedoe138@testmail.com,17-06-1969,true,29-05-1998,true,25-02-1973,TZA,PATIENT
00aad3a3-bb40-46a8-a545-6cfe66a9d832,Charlie,Davis,f07245df80ee034f9519eed5d761e5979380e417366cf1119c10328c6dfe9016,charliedavis85@example.com,11-12-1984,false,,false,,ERI,PATIENT
177b0466-988b-4850-a9bb-b1e521df83b4,Bob,Johnson,f07245df80ee034f9519eed5d761e5979380e417366cf1119c10328c6dfe9016,bobjohnson826@testmail.com,03-04-1982,false,,false,,DZA,PATIENT
2d6f4937-23c6-4411-9cef-6ad1df8723e7,Grace,Johnson,f07245df80ee034f9519eed5d761e5979380e417366cf1119c10328c6dfe9016,gracejohnson384@mail.com,29-11-1988,true,04-09-2017,true,10-02-1995,ZAF,PATIENT
f97ee129-bf8e-48d6-9371-d516ddb51b0a,Bob,Brown,f07245df80ee034f9519eed5d761e5979380e417366cf1119c10328c6dfe9016,bobbrown512@testmail.com,02-02-2001,false,,false,,MLI,PATIENT
b7630cac-2e55-4b9e-a75d-2084208f55a6,Grace,Thomas,f07245df80ee034f9519eed5d761e5979380e417366cf1119c10328c6dfe9016,gracethomas83@testmail.com,04-03-1983,false,,false,,CPV,PATIENT
3ee3f548-1483-4efc-8f7b-16950a2f4feb,Charlie,Smith,f07245df80ee034f9519eed5d761e5979380e417366cf1119c10328c6dfe9016,charliesmith200@example.com,24-10-1971,true,09-10-2012,true,13-05-2009,RWA,PATIENT
4ebbd10a-1760-4130-9e00-b842427161f9,Frank,Thomas,f07245df80ee034f9519eed5d761e5979380e417366cf1119c10328c6dfe9016,frankthomas609@example.com,04-12-1994,false,,false,,COM,PATIENT
ec8a3439-e0a2-4ec6-8330-58948405dbeb,Grace,Anderson,f07245df80ee034f9519eed5d761e5979380e417366cf1119c10328c6dfe9016,graceanderson33@example.com,11-10-1989,true,12-10-2019,true,23-09-1996,COG,PATIENT
38b74e58-7921-426f-81d9-0b17ad0fc6bd,Jane,Johnson,f07245df80ee034f9519eed5d761e5979380e417366cf1119c10328c6dfe9016,janejohnson211@mail.com,07-12-1992,false,,false,,SYC,PATIENT
b818a94b-52e6-4984-b11c-4f42e832bbb5,Charlie,Thomas,f07245df80ee034f9519eed5d761e5979380e417366cf1119c10328c6dfe9016,charliethomas417@example.com,06-09-1963,true,13-07-2002,true,23-07-1974,GHA,PATIENT
0d0c891c-edbf-4064-aadb-fbb30239d8c1,John,Taylor,f07245df80ee034f9519eed5d761e5979380e417366cf1119c10328c6dfe9016,johntaylor462@testmail.com,08-11-1975,true,06-10-2017,true,12-10-1997,GIN,PATIENT
465c6e9b-79dd-4813-bd37-c8b3cc394db9,Charlie,Anderson,f07245df80ee034f9519eed5d761e5979380e417366cf1119c10328c6dfe9016,charlieanderson48@testmail.com,20-08-1985,false,,false,,SOM,PATIENT
b6db4fe5-5058-4ad6-b5c7-439e09f580b8,Grace,Anderson,f07245df80ee034f9519eed5d761e5979380e417366cf1119c10328c6dfe9016,graceanderson896@example.com,21-01-2003,false,,false,,BDI,PATIENT
dc299666-3471-4652-a81f-434447484edf,Test,Johnson,f07245df80ee034f9519eed5d761e5979380e417366cf1119c10328c6dfe9016,testjohnson77@testmail.com,25-08-1960,false,,false,,NGA,PATIENT
a454d3ff-c242-4ec8-b52f-d508309662c7,Bob,Thomas,f07245df80ee034f9519eed5d761e5979380e417366cf1119c10328c6dfe9016,bobthomas561@example.com,10-08-1968,true,,false,05-02-1969,NGA,PATIENT
bc640088-8cf3-44df-9e43-d4d02ef0ec3d,Alice,Taylor,f07245df80ee034f9519eed5d761e5979380e417366cf1119c10328c6dfe9016,alicetaylor391@mail.com,20-03-1978,false,,false,,GNQ,PATIENT
4c6eb77c-ebcf-49d7-86eb-5601faab0e54,Charlie,Johnson,f07245df80ee034f9519eed5d761e5979380e417366cf1119c10328c6dfe9016,charliejohnson157@testmail.com,20-05-1987,false,,false,,BDI,PATIENT
91e7046a-1f26-4a93-a469-dc725688b5df,Eva,Johnson,f07245df80ee034f9519eed5d761e5979380e417366cf1119c10328c6dfe9016,evajohnson21@mail.com,09-04-1990,true,09-08-2016,true,11-02-2012,GNQ,PATIENT
fcec89dd-674b-443b-b785-14a7f931400c,Grace,Thomas,f07245df80ee034f9519eed5d761e5979380e417366cf1119c10328c6dfe9016,gracethomas510@example.com,06-06-1994,true,28-04-2020,true,15-05-2002,MUS,PATIENT
4235a372-a1df-4e3c-9791-7e74d1516e91,Grace,Brown,f07245df80ee034f9519eed5d761e5979380e417366cf1119c10328c6dfe9016,gracebrown64@mail.com,10-06-1972,true,,false,19-03-2005,NAM,PATIENT
3b7628c1-6b5f-41eb-9454-d7bb974f0f57,Eva,Patient,f07245df80ee034f9519eed5d761e5979380e417366cf1119c10328c6dfe9016,evapatient216@example.com,24-11-2000,false,,false,,NER,PATIENT
ccf4b5f1-6a1e-4511-a9b6-5b098a808b88,Jane,Anderson,f07245df80ee034f9519eed5d761e5979380e417366cf1119c10328c6dfe9016,janeanderson673@example.com,29-06-1996,true,22-12-2004,true,09-07-2004,NGA,PATIENT
dfda6b8f-376f-4568-8762-c6ef2628b97e,Eva,Brown,f07245df80ee034f9519eed5d761e5979380e417366cf1119c10328c6dfe9016,evabrown834@example.com,24-05-1987,false,,false,,BWA,PATIENT
c88830d4-4ce5-45cc-8418-7e39c8ce32f8,Alice,Brown,f07245df80ee034f9519eed5d761e5979380e417366cf1119c10328c6dfe9016,alicebrown463@mail.com,23-11-1966,false,,false,,LBY,PATIENT
2e6ad5cd-4de1-4cc6-b459-9aa9007fabaf,Alice,Doe,f07245df80ee034f9519eed5d761e5979380e417366cf1119c10328c6dfe9016,alicedoe557@testmail.com,22-10-1991,false,,false,,COM,PATIENT
734f6bc9-a739-4778-b135-8b1c3ccb2297,Charlie,Taylor,f07245df80ee034f9519eed5d761e5979380e417366cf1119c10328c6dfe9016,charlietaylor783@mail.com,23-08-2001,false,,false,,GNB,PATIENT
64608cbd-5107-4576-b6a9-e83f6f9288f3,Eva,Thomas,f07245df80ee034f9519eed5d761e5979380e417366cf1119c10328c6dfe9016,evathomas407@example.com,31-03-1987,true,,false,18-10-1995,BDI,PATIENT
6818d46b-d242-40d5-b105-6b75d66843b7,Alice,Patient,f07245df80ee034f9519eed5d761e5979380e417366cf1119c10328c6dfe9016,alicepatient602@testmail.com,25-12-1985,false,,false,,MAR,PATIENT
bbee6ce6-7730-4b91-a0e2-13b627f91f31,Bob,Anderson,f07245df80ee034f9519eed5d761e5979380e417366cf1119c10328c6dfe9016,bobanderson299@mail.com,30-12-1967,true,,false,14-06-1990,GIN,PATIENT
05e35c1e-cbe3-459b-946b-c63d3cbf6803,Alice,Taylor,f07245df80ee034f9519eed5d761e5979380e417366cf1119c10328c6dfe9016,alicetaylor728@testmail.com,23-08-1982,false,,false,,GAB,PATIENT
59b8bf26-cc25-49b0-9ec7-a92eb34bd6f2,Eva,Thomas,f07245df80ee034f9519eed5d761e5979380e417366cf1119c10328c6dfe9016,evathomas243@example.com,13-10-1994,false,,false,,CPV,PATIENT
78a9006b-aff3-4742-a927-a2d5e0dee0af,Frank,Taylor,f07245df80ee034f9519eed5d761e5979380e417366cf1119c10328c6dfe9016,franktaylor544@mail.com,28-07-1963,true,22-05-1987,true,19-12-1981,LBY,PATIENT
f84e2a6b-a56e-445a-959d-197b59b9fcc8,Frank,Doe,f07245df80ee034f9519eed5d761e5979380e417366cf1119c10328c6dfe9016,frankdoe722@testmail.com,10-11-1982,true,,false,18-02-2017,TGO,PATIENT
15f12940-a2c0-4fa4-a490-2f2fb36fd9f3,Charlie,Smith,f07245df80ee034f9519eed5d761e5979380e417366cf1119c10328c6dfe9016,charliesmith782@example.com,05-01-1961,false,,false,,CIV,PATIENT
936fcb7f-690e-48c0-b95f-0348226d2a65,Bob,Patient,f07245df80ee034f9519eed5d761e5979380e417366cf1119c10328c6dfe9016,bobpatient747@testmail.com,27-07-1966,true,,false,09-11-1976,TCD,PATIENT
d5f6385c-6982-4818-a4f2-e9e12e8f9b2c,Alice,Brown,f07245df80ee034f9519eed5d761e5979380e417366cf1119c10328c6dfe9016,alicebrown180@testmail.com,25-10-2004,true,,false,20-03-2011,DZA,PATIENT
cfe0e0bc-1622-41bc-84c1-99bb9de39871,Charlie,Taylor,f07245df80ee034f9519eed5d761e5979380e417366cf1119c10328c6dfe9016,charlietaylor75@mail.com,19-08-2003,true,,false,09-04-2019,COG,PATIENT
3205652e-79d6-4b4b-8249-309209056825,Test,Thomas,f07245df80ee034f9519eed5d761e5979380e417366cf1119c10328c6dfe9016,testthomas985@testmail.com,22-06-1975,true,09-08-1992,true,15-04-1990,SLE,PATIENT
8c224fca-7f2a-4364-bfc1-1bbfab2f79a3,Frank,Anderson,f07245df80ee034f9519eed5d761e5979380e417366cf1119c10328c6dfe9016,frankanderson711@testmail.com,19-02-1991,false,,false,,BEN,PATIENT
654b3708-96b5-468c-a41b-de6342e4ffd4,Charlie,Doe,f07245df80ee034f9519eed5d761e5979380e417366cf1119c10328c6dfe9016,charliedoe970@mail.com,26-09-1968,false,,false,,BFA,PATIENT
6dc22836-c616-4257-925d-8767a5be7cbd,David,Taylor,f07245df80ee034f9519eed5d761e5979380e417366cf1119c10328c6dfe9016,davidtaylor75@example.com,20-04-1998,true,,false,18-05-2015,TUN,PATIENT
7c893a16-f939-46b4-bcc3-2051958cb0c8,Frank,Davis,f07245df80ee034f9519eed5d761e5979380e417366cf1119c10328c6dfe9016,frankdavis915@example.com,03-06-1962,false,,false,,COD,PATIENT
14a16920-1ef5-4964-b7ec-25c1c8d0505d,Charlie,Johnson,f07245df80ee034f9519eed5d761e5979380e417366cf1119c10328c6dfe9016,charliejohnson398@testmail.com,27-12-1966,true,,false,03-06-2015,COG,PATIENT
6b16d4d7-8b84-4a4b-9431-120c83c792a0,Frank,Wilson,f07245df80ee034f9519eed5d761e5979380e417366cf1119c10328c6dfe9016,frankwilson159@example.com,16-11-1961,false,,false,,ZWE,PATIENT
be8de867-4ad8-4572-92cf-ab4164fcc65d,Charlie,Johnson,f07245df80ee034f9519eed5d761e5979380e417366cf1119c10328c6dfe9016,charliejohnson32@testmail.com,08-05-1978,true,28-02-2015,true,17-07-1998,GMB,PATIENT
811a121f-d50c-4ace-a8e5-f1321f7d1bbe,Test,Brown,f07245df80ee034f9519eed5d761e5979380e417366cf1119c10328c6dfe9016,testbrown193@mail.com,28-01-1991,true,03-04-2017,true,04-12-2002,MRT,PATIENT
301cffa3-f193-49b6-bf48-79bddcac2776,Jane,Taylor,f07245df80ee034f9519eed5d761e5979380e417366cf1119c10328c6dfe9016,janetaylor480@testmail.com,23-02-1977,true,,false,26-03-1988,SDN,PATIENT
8fd2f182-e08b-4c7f-a668-b49b334a8d95,Grace,Brown,f07245df80ee034f9519eed5d761e5979380e417366cf1119c10328c6dfe9016,gracebrown437@testmail.com,20-01-1987,false,,false,,ZMB,PATIENT
22e264f0-af63-40b9-b404-a3f2d0dfeced,Jane,Wilson,f07245df80ee034f9519eed5d761e5979380e417366cf1119c10328c6dfe9016,janewilson575@testmail.com,05-04-1986,true,02-03-2020,true,23-12-2016,TGO,PATIENT
af3c0a7d-e880-4a36-829b-c5f6d019a8e1,Bob,Davis,f07245df80ee034f9519eed5d761e5979380e417366cf1119c10328c6dfe9016,bobdavis773@example.com,15-06-1986,true,01-05-2015,true,23-11-1989,NAM,PATIENT
43c084de-5275-4b2b-86bc-314e1ac78580,John,Anderson,f07245df80ee034f9519eed5d761e5979380e417366cf1119c10328c6dfe9016,johnanderson779@example.com,24-09-2004,false,,false,,MWI,PATIENT
c724d1c9-10e2-4e26-82bc-959c86ce33ca,Eva,Doe,f07245df80ee034f9519eed5d761e5979380e417366cf1119c10328c6dfe9016,evadoe606@mail.com,13-04-1970,false,,false,,TZA,PATIENT
7cb987d9-78f0-43c2-8c51-a9f9cb59dfdd,Grace,Wilson,f07245df80ee034f9519eed5d761e5979380e417366cf1119c10328c6dfe9016,gracewilson572@mail.com,02-05-1981,true,04-10-1996,true,12-08-1996,SYC,PATIENT
0a620211-8e10-4153-b9b7-a014affece0d,Alice,Taylor,f07245df80ee034f9519eed5d761e5979380e417366cf1119c10328c6dfe9016,alicetaylor327@mail.com,01-04-1997,false,,false,,BEN,PATIENT
5adea60e-6689-4042-ad78-ecbd5661c0bb,Grace,Patient,f07245df80ee034f9519eed5d761e5979380e417366cf1119c10328c6dfe9016,gracepatient799@testmail.com,13-03-1970,false,,false,,MRT,PATIENT
f51ac1d9-abaf-481c-a0c0-e27d773b5e2c,Bob,Patient,f07245df80ee034f9519eed5d761e5979380e417366cf1119c10328c6dfe9016,bobpatient932@testmail.com,02-04-1966,false,,false,,TCD,PATIENT
65cbee39-8285-4d94-9fba-d1facc1ec8bf,Frank,Doe,f07245df80ee034f9519eed5d761e5979380e417366cf1119c10328c6dfe9016,frankdoe639@mail.com,24-08-1980,false,,false,,TGO,PATIENT
d56b467e-0168-4704-a9dc-fe1be873b28b,Test,Davis,f07245df80ee034f9519eed5d761e5979380e417366cf1119c10328c6dfe9016,testdavis37@example.com,01-07-1960,true,31-12-1973,true,01-01-1961,CIV,PATIENT
e27e1afa-0884-479f-95d3-1c3d34fb97ef,Alice,Johnson,f07245df80ee034f9519eed5d761e5979380e417366cf1119c10328c6dfe9016,alicejohnson289@mail.com,10-04-1979,true,22-12-2000,true,27-03-1997,SWZ,PATIENT
97b2b873-a1be-49c7-8aa6-b63422374e50,John,Brown,f07245df80ee034f9519eed5d761e5979380e417366cf1119c10328c6dfe9016,johnbrown411@example.com,12-12-1963,true,03-07-2016,true,18-07-1972,CAF,PATIENT
c613cf6f-9a44-4745-8664-ccad77d7451f,Bob,Patient,f07245df80ee034f9519eed5d761e5979380e417366cf1119c10328c6dfe9016,bobpatient957@mail.com,12-12-1983,false,,false,,ERI,PATIENT
5c50f1af-6a02-47c6-adb4-6b2a40487914,Frank,Davis,f07245df80ee034f9519eed5d761e5979380e417366cf1119c10328c6dfe9016,frankdavis243@example.com,23-02-1999,true,04-07-2020,true,17-01-2019,BWA,PATIENT
5b4f68e4-0875-4ca7-b29a-228bb67ddf0d,Frank,Davis,f07245df80ee034f9519eed5d761e5979380e417366cf1119c10328c6dfe9016,frankdavis199@example.com,06-03-1992,true,15-05-2010,true,28-08-1994,UGA,PATIENT
093248fd-1b92-4e08-bb80-34cbc97dabca,David,Patient,f07245df80ee034f9519eed5d761e5979380e417366cf1119c10328c6dfe9016,davidpatient372@example.com,13-03-1979,false,,false,,GIN,PATIENT
a939e251-213c-4414-8bad-c2e2c9efb588,Charlie,Smith,f07245df80ee034f9519eed5d761e5979380e417366cf1119c10328c6dfe9016,charliesmith34@example.com,26-02-1960,false,,false,,RWA,PATIENT
b1ad81c7-e38b-448a-ad83-fee63755b87e,John,Davis,f07245df80ee034f9519eed5d761e5979380e417366cf1119c10328c6dfe9016,johndavis268@mail.com,29-06-1981,true,25-02-2014,true,06-02-2013,MOZ,PATIENT
625a4a36-78b3-4cb8-b015-48df10f491f6,Frank,Davis,f07245df80ee034f9519eed5d761e5979380e417366cf1119c10328c6dfe9016,frankdavis269@mail.com,29-11-1961,true,13-04-2008,true,17-05-2006,NER,PATIENT
fb27945b-66d8-4537-9e5d-293258e2894e,John,Johnson,f07245df80ee034f9519eed5d761e5979380e417366cf1119c10328c6dfe9016,johnjohnson10@example.com,01-01-1960,false,,false,,BWA,PATIENT
5d84a5e9-7c30-42ca-8e10-25c5eb8f26b9,Eva,Wilson,f07245df80ee034f9519eed5d761e5979380e417366cf1119c10328c6dfe9016,evawilson370@example.com,30-06-1980,true,,false,11-10-1994,STP,PATIENT
905a8927-8dd0-4cc9-9d3f-4c7cf172c946,John,Anderson,f07245df80ee034f9519eed5d761e5979380e417366cf1119c10328c6dfe9016,johnanderson337@testmail.com,25-11-1988,false,,false,,MUS,PATIENT
fcfbf273-6ba4-433b-929b-77f5850f73dd,Alice,Smith,f07245df80ee034f9519eed5d761e5979380e417366cf1119c10328c6dfe9016,alicesmith546@mail.com,12-04-1969,true,,false,29-05-2007,SEN,PATIENT
27b6e31c-278a-4483-94c1-26463bb18df2,Charlie,Davis,f07245df80ee034f9519eed5d761e5979380e417366cf1119c10328c6dfe9016,charliedavis383@mail.com,05-10-1963,false,,false,,SDN,PATIENT
66551816-415b-435d-aaaa-89fb097f2b06,Frank,Johnson,f07245df80ee034f9519eed5d761e5979380e417366cf1119c10328c6dfe9016,frankjohnson860@example.com,21-10-1979,false,,false,,GNB,PATIENT
190451d5-900c-4f5c-ad5d-51d3da22196e,Charlie,Wilson,f07245df80ee034f9519eed5d761e5979380e417366cf1119c10328c6dfe9016,charliewilson526@example.com,27-12-1974,false,,false,,GNB,PATIENT
f10ba190-406d-4f52-9360-32e4483b62c3,Bob,Wilson,f07245df80ee034f9519eed5d761e5979380e417366cf1119c10328c6dfe9016,bobwilson859@testmail.com,13-02-1980,true,04-12-2017,true,12-07-2015,TCD,PATIENT
ee3f74bb-8036-4bac-8569-771bca5a27f7,David,Doe,f07245df80ee034f9519eed5d761e5979380e417366cf1119c10328c6dfe9016,daviddoe461@example.com,07-02-1980,false,,false,,DJI,PATIENT
20d45cf9-f8a1-495f-bb39-e4b8ee773dfa,Test,Wilson,f07245df80ee034f9519eed5d761e5979380e417366cf1119c10328c6dfe9016,testwilson173@example.com,20-06-1974,false,,false,,MWI,PATIENT
156d9730-2f0c-45fd-aa9d-c022fb412d01,Frank,Anderson,f07245df80ee034f9519eed5d761e5979380e417366cf1119c10328c6dfe9016,frankanderson785@testmail.com,01-03-1971,false,,false,,LBR,PATIENT
3153a220-47b9-4d47-b026-ee3c4f8948b8,David,Brown,f07245df80ee034f9519eed5d761e5979380e417366cf1119c10328c6dfe9016,davidbrown37@mail.com,05-02-1984,false,,false,,SOM,PATIENT
6fb0f5ea-26c1-4823-b085-f28fef8d6e82,John,Brown,f07245df80ee034f9519eed5d761e5979380e417366cf1119c10328c6dfe9016,johnbrown229@mail.com,10-06-1973,true,26-08-2018,true,13-05-2016,COM,PATIENT
f7fde51d-3e45-402d-86da-5927c4fa2633,John,Smith,f07245df80ee034f9519eed5d761e5979380e417366cf1119c10328c6dfe9016,johnsmith229@mail.com,18-01-1968,false,,false,,GMB,PATIENT
489e6db8-027b-4b4c-8a74-66fe20534d6a,Grace,Johnson,f07245df80ee034f9519eed5d761e5979380e417366cf1119c10328c6dfe9016,gracejohnson627@testmail.com,21-07-1996,true,,false,11-12-2008,BWA,PATIENT
9c2b616d-6e8c-4802-b2cc-4b05ac90ff32,John,Anderson,f07245df80ee034f9519eed5d761e5979380e417366cf1119c10328c6dfe9016,johnanderson570@mail.com,30-07-1992,false,,false,,SSD,PATIENT
43e60922-1f45-4b1b-87da-5bb066550b4d,John,Doe,f07245df80ee034f9519eed5d761e5979380e417366cf1119c10328c6dfe9016,johndoe344@example.com,29-09-1981,false,,false,,SSD,PATIENT
df3b44f0-db73-4be2-997d-e4da94ecff8c,Alice,Thomas,f07245df80ee034f9519eed5d761e5979380e417366cf1119c10328c6dfe9016,alicethomas120@example.com,23-02-1969,true,,false,17-01-1988,GAB,PATIENT
ac5aa89f-e54f-4eaa-817a-f08109076549,Alice,Anderson,f07245df80ee034f9519eed5d761e5979380e417366cf1119c10328c6dfe9016,aliceanderson287@testmail.com,06-02-1968,false,,false,,GMB,PATIENT
fd5cad16-44b7-458e-8575-8b89f03c0904,Eva,Johnson,f07245df80ee034f9519eed5d761e5979380e417366cf1119c10328c6dfe9016,evajohnson260@testmail.com,29-11-1978,true,,false,02-01-1990,GIN,PATIENT
9448ab85-42f5-4f42-8b23-d95a0e45edbc,Test,Taylor,f07245df80ee034f9519eed5d761e5979380e417366cf1119c10328c6dfe9016,testtaylor571@testmail.com,14-06-1971,false,,false,,SWZ,PATIENT
2d68d1d2-c28e-4f24-9040-20e1b301e32f,Alice,Anderson,f07245df80ee034f9519eed5d761e5979380e417366cf1119c10328c6dfe9016,aliceanderson809@example.com,02-03-1975,false,,false,,NGA,PATIENT
6bfe5a96-0feb-4ddd-a217-3fcd6ffd3cea,Grace,Anderson,f07245df80ee034f9519eed5d761e5979380e417366cf1119c10328c6dfe9016,graceanderson274@testmail.com,11-05-1979,true,09-07-2020,true,23-08-2006,DJI,PATIENT
14b17c0b-dd69-4866-86ee-68b46fe5e97a,Jane,Wilson,f07245df80ee034f9519eed5d761e5979380e417366cf1119c10328c6dfe9016,janewilson397@mail.com,23-06-1999,true,,false,06-08-2015,MOZ,PATIENT
f20768ff-b129-4f09-87bb-c370a5b12389,Jane,Patient,f07245df80ee034f9519eed5d761e5979380e417366cf1119c10328c6dfe9016,janepatient182@mail.com,29-06-1984,false,,false,,DJI,PATIENT
01cec7be-5927-489d-b04e-68decca0eabb,Charlie,Anderson,f07245df80ee034f9519eed5d761e5979380e417366cf1119c10328c6dfe9016,charlieanderson218@example.com,07-01-1981,false,,false,,MLI,PATIENT
94369b6b-65ab-4918-8826-987c2a6dd1ed,Grace,Wilson,f07245df80ee034f9519eed5d761e5979380e417366cf1119c10328c6dfe9016,gracewilson463@testmail.com,03-05-1977,true,25-07-2009,true,29-05-2009,BWA,PATIENT
1c5a07ad-089e-4dcd-a282-7ce7e5e06c12,Eva,Anderson,f07245df80ee034f9519eed5d761e5979380e417366cf1119c10328c6dfe9016,evaanderson272@mail.com,18-04-2004,false,,false,,TCD,PATIENT
8f350531-e661-4f22-aa38-08de66889703,Charlie,Doe,f07245df80ee034f9519eed5d761e5979380e417366cf1119c10328c6dfe9016,charliedoe791@mail.com,05-01-1968,false,,false,,ZAF,PATIENT
401d6772-60eb-4d0f-aeda-6712c409b36f,Alice,Davis,f07245df80ee034f9519eed5d761e5979380e417366cf1119c10328c6dfe9016,alicedavis789@example.com,02-03-1963,false,,false,,DZA,PATIENT
6bcb00cd-9998-4d18-9d48-433a88d49c89,David,Doe,f07245df80ee034f9519eed5d761e5979380e417366cf1119c10328c6dfe9016,daviddoe569@testmail.com,25-09-1985,false,,false,,BEN,PATIENT
521dbbed-3467-4536-afca-77fa4f974638,Grace,Davis,f07245df80ee034f9519eed5d761e5979380e417366cf1119c10328c6dfe9016,gracedavis148@example.com,15-11-1973,true,,false,12-11-1992,DZA,PATIENT
5d29f4c6-58e7-4893-88c0-8c98334740bf,John,Johnson,f07245df80ee034f9519eed5d761e5979380e417366cf1119c10328c6dfe9016,johnjohnson861@example.com,15-03-1963,true,,false,10-11-2017,CPV,PATIENT
1bd9c855-6f34-4983-99c8-3e2456854f23,Grace,Wilson,f07245df80ee034f9519eed5d761e5979380e417366cf1119c10328c6dfe9016,gracewilson223@example.com,28-08-1973,false,,false,,GHA,PATIENT
88935e3b-2537-4085-b80d-967ff28bee4a,Eva,Wilson,f07245df80ee034f9519eed5d761e5979380e417366cf1119c10328c6dfe9016,evawilson24@testmail.com,14-12-1977,false,,false,,COG,PATIENT
5e52c066-ad58-4968-9fa7-3b5c212c1cc9,John,Davis,f07245df80ee034f9519eed5d761e5979380e417366cf1119c10328c6dfe9016,johndavis822@testmail.com,10-03-1986,true,,false,28-04-1998,NER,PATIENT
bb249baf-7bfd-4d64-8d2d-d9373643a5ea,Alice,Taylor,f07245df80ee034f9519eed5d761e5979380e417366cf1119c10328c6dfe9016,alicetaylor526@mail.com,14-08-1998,false,,false,,SEN,PATIENT
3a69e290-03b4-4d6f-9b43-2fbd86f0b651,Frank,Smith,f07245df80ee034f9519eed5d761e5979380e417366cf1119c10328c6dfe9016,franksmith257@example.com,31-12-1963,false,,false,,TCD,PATIENT
90a254da-542c-4eea-b258-bf640b67b4d6,Grace,Doe,f07245df80ee034f9519eed5d761e5979380e417366cf1119c10328c6dfe9016,gracedoe255@mail.com,12-06-1986,true,11-10-2007,true,24-07-2000,BWA,PATIENT
fff0d7c8-a6b9-4b43-8945-5e441fd01e15,Frank,Johnson,f07245df80ee034f9519eed5d761e5979380e417366cf1119c10328c6dfe9016,frankjohnson367@mail.com,08-03-1983,true,,false,15-03-1986,MOZ,PATIENT
c77169dc-26ac-44e4-8110-8c63c123b377,John,Taylor,f07245df80ee034f9519eed5d761e5979380e417366cf1119c10328c6dfe9016,johntaylor224@mail.com,26-01-1960,true,28-08-1979,true,06-02-1976,COD,PATIENT
3ad5aeaf-36a5-4e66-9111-614eab54bdd8,Test,Davis,f07245df80ee034f9519eed5d761e5979380e417366cf1119c10328c6dfe9016,testdavis168@example.com,12-03-1994,false,,false,,BFA,PATIENT
82112fd4-f3bb-46ea-9575-54a86d89fbc9,Frank,Patient,f07245df80ee034f9519eed5d761e5979380e417366cf1119c10328c6dfe9016,frankpatient701@example.com,08-06-1962,true,,false,01-11-1978,ETH,PATIENT
84802720-a261-427e-a1bf-c5780341e4a8,Eva,Johnson,f07245df80ee034f9519eed5d761e5979380e417366cf1119c10328c6dfe9016,evajohnson934@testmail.com,28-04-1974,false,,false,,ZWE,PATIENT
d1102b26-e82b-46ff-8531-e54cc49cd0c3,Eva,Taylor,f07245df80ee034f9519eed5d761e5979380e417366cf1119c10328c6dfe9016,evataylor305@testmail.com,05-08-1995,true,07-04-2019,true,29-01-2019,CIV,PATIENT
61db3a17-19ae-45c3-9032-2f0cc887bdcb,John,Smith,f07245df80ee034f9519eed5d761e5979380e417366cf1119c10328c6dfe9016,johnsmith529@mail.com,11-12-1976,true,15-04-2020,true,14-05-1980,AGO,PATIENT
78987537-0a2b-499f-81c0-8b9397768b93,John,Davis,f07245df80ee034f9519eed5d761e5979380e417366cf1119c10328c6dfe9016,johndavis352@mail.com,21-08-2005,true,,false,10-12-2009,GAB,PATIENT
f150593e-3d99-4dbb-9856-7e1212e78ccc,Charlie,Patient,f07245df80ee034f9519eed5d761e5979380e417366cf1119c10328c6dfe9016,charliepatient768@mail.com,18-09-1966,true,19-12-2012,true,08-05-1997,SWZ,PATIENT
bd21b055-a1da-4210-acaf-4304242aa3c0,John,Smith,f07245df80ee034f9519eed5d761e5979380e417366cf1119c10328c6dfe9016,johnsmith928@testmail.com,20-12-1989,true,12-02-2015,true,06-02-2012,ERI,PATIENT
36a3ce93-0058-481d-b3a3-9c72d51df21e,Bob,Wilson,f07245df80ee034f9519eed5d761e5979380e417366cf1119c10328c6dfe9016,bobwilson568@example.com,24-10-1986,false,,false,,MWI,PATIENT
15b047b3-45b2-4151-87cb-8782f24a2f01,Bob,Wilson,f07245df80ee034f9519eed5d761e5979380e417366cf1119c10328c6dfe9016,bobwilson271@example.com,18-04-1987,false,,false,,BFA,PATIENT
131c9608-af85-4905-8bc2-c80aa931b26c,Charlie,Thomas,f07245df80ee034f9519eed5d761e5979380e417366cf1119c10328c6dfe9016,charliethomas389@testmail.com,10-03-1997,true,,false,10-03-2015,ETH,PATIENT
03d81f87-b969-4061-aa70-9f16c37cfa6a,Grace,Brown,f07245df80ee034f9519eed5d761e5979380e417366cf1119c10328c6dfe9016,gracebrown949@example.com,05-04-1995,false,,false,,DZA,PATIENT
efefc3b9-4621-4c0d-b18f-8597cd6a4ccf,Test,Davis,f07245df80ee034f9519eed5d761e5979380e417366cf1119c10328c6dfe9016,testdavis416@testmail.com,05-12-1995,true,,false,18-05-2009,ZWE,PATIENT
a766c68b-010c-466a-af4c-e8b474e6a9de,Bob,Patient,f07245df80ee034f9519eed5d761e5979380e417366cf1119c10328c6dfe9016,bobpatient212@example.com,07-02-1988,false,,false,,DJI,PATIENT
59fa9747-1f19-4afd-a2f9-e2cdb9c640b6,Bob,Anderson,f07245df80ee034f9519eed5d761e5979380e417366cf1119c10328c6dfe9016,bobanderson56@mail.com,04-03-1988,true,,false,19-05-1999,ERI,PATIENT
c462d8fd-f3db-4569-93d2-28f20782dac8,Test,Thomas,f07245df80ee034f9519eed5d761e5979380e417366cf1119c10328c6dfe9016,testthomas295@mail.com,18-12-1993,false,,false,,LBY,PATIENT
07dd4aa7-63d6-425c-b6ee-2362782c12b1,Grace,Wilson,f07245df80ee034f9519eed5d761e5979380e417366cf1119c10328c6dfe9016,gracewilson447@mail.com,12-09-1962,true,07-03-2017,true,01-02-2017,LBR,PATIENT
afffe888-101f-4669-af1c-22940d9e99d8,Grace,Doe,f07245df80ee034f9519eed5d761e5979380e417366cf1119c10328c6dfe9016,gracedoe884@example.com,24-10-2002,false,,false,,UGA,PATIENT
890d47de-63e8-463e-97fd-8302f3984d46,Alice,Taylor,f07245df80ee034f9519eed5d761e5979380e417366cf1119c10328c6dfe9016,alicetaylor243@mail.com,27-07-1990,false,,false,,COM,PATIENT
5e0b7743-d425-4b2c-9986-13d1573040ee,Bob,Johnson,f07245df80ee034f9519eed5d761e5979380e417366cf1119c10328c6dfe9016,bobjohnson141@mail.com,01-08-1980,true,21-12-2014,true,13-04-2002,GNB,PATIENT
62412707-9b7c-4a8a-bb75-3f521696b568,David,Patient,f07245df80ee034f9519eed5d761e5979380e417366cf1119c10328c6dfe9016,davidpatient510@mail.com,14-05-1986,true,,false,05-12-1992,EGY,PATIENT
10296581-31ee-4ef0-aff7-fc3310502a58,Grace,Taylor,f07245df80ee034f9519eed5d761e5979380e417366cf1119c10328c6dfe9016,gracetaylor389@example.com,11-04-1960,true,,false,26-01-2004,COD,PATIENT
295acd1d-4e91-48be-a440-1e66cde649a3,Grace,Davis,f07245df80ee034f9519eed5d761e5979380e417366cf1119c10328c6dfe9016,gracedavis444@example.com,05-04-1986,true,05-03-2019,true,20-02-2018,GHA,PATIENT
32f515a7-33ac-41f1-bbb1-1381f9dcc47e,David,Patient,f07245df80ee034f9519eed5d761e5979380e417366cf1119c10328c6dfe9016,davidpatient104@testmail.com,18-01-1981,false,,false,,MDG,PATIENT
54e9ef56-6b6f-4087-b2cf-1c513b69fa49,Alice,Davis,f07245df80ee034f9519eed5d761e5979380e417366cf1119c10328c6dfe9016,alicedavis272@mail.com,10-08-1997,false,,false,,SYC,PATIENT
154daa20-60b4-4d6e-b8c9-fae97eb3c639,Bob,Johnson,f07245df80ee034f9519eed5d761e5979380e417366cf1119c10328c6dfe9016,bobjohnson909@testmail.com,24-05-2000,false,,false,,COG,PATIENT
6ee81882-13d7-474f-b755-372b25a42754,Frank,Johnson,f07245df80ee034f9519eed5d761e5979380e417366cf1119c10328c6dfe9016,frankjohnson19@testmail.com,11-03-1961,false,,false,,AGO,PATIENT
4788d5ae-e190-47f8-ae99-61aa9a4b662e,Grace,Taylor,f07245df80ee034f9519eed5d761e5979380e417366cf1119c10328c6dfe9016,gracetaylor735@example.com,25-10-1994,false,,false,,GNQ,PATIENT
1fae6fbe-44a7-4905-81bf-07e24b1b548b,Jane,Smith,f07245df80ee034f9519eed5d761e5979380e417366cf1119c10328c6dfe9016,janesmith99@mail.com,30-11-1971,true,,false,12-01-2014,BDI,PATIENT
54a078eb-e8bc-43c0-a634-b87696dffc30,Jane,Johnson,f07245df80ee034f9519eed5d761e5979380e417366cf1119c10328c6dfe9016,janejohnson88@mail.com,26-01-1986,true,09-04-2020,true,24-05-2012,ZWE,PATIENT
16b0cd09-c4ed-4864-91c9-c4a62bfa35ff,Eva,Patient,f07245df80ee034f9519eed5d761e5979380e417366cf1119c10328c6dfe9016,evapatient649@example.com,17-08-1993,false,,false,,GHA,PATIENT
828d90fd-a59b-4139-bfe8-9e11c0862ac3,Jane,Smith,f07245df80ee034f9519eed5d761e5979380e417366cf1119c10328c6dfe9016,janesmith772@example.com,06-02-1981,false,,false,,MDG,PATIENT
40cbfe42-598d-493e-8f07-a4fa16ebe8ff,Charlie,Patient,f07245df80ee034f9519eed5d761e5979380e417366cf1119c10328c6dfe9016,charliepatient204@mail.com,22-07-1960,true,19-08-2018,true,14-05-2000,NAM,PATIENT
36100425-a997-47ae-a252-ba6d6ff0be58,David,Brown,f07245df80ee034f9519eed5d761e5979380e417366cf1119c10328c6dfe9016,davidbrown214@testmail.com,17-06-1983,false,,false,,BFA,PATIENT
372cc28c-8147-451d-b76c-afce59b64aab,Eva,Doe,f07245df80ee034f9519eed5d761e5979380e417366cf1119c10328c6dfe9016,evadoe847@mail.com,14-09-2001,false,,false,,BFA,PATIENT
c048b005-ce7e-4b1f-8ba5-034fa83b2c31,Bob,Taylor,f07245df80ee034f9519eed5d761e5979380e417366cf1119c10328c6dfe9016,bobtaylor168@testmail.com,02-10-1998,false,,false,,EGY,PATIENT
c957f6b7-d2c6-43e4-981e-c35f1ca7b879,Bob,Thomas,f07245df80ee034f9519eed5d761e5979380e417366cf1119c10328c6dfe9016,bobthomas516@mail.com,26-12-2002,false,,false,,UGA,PATIENT
7636bdbe-5892-44eb-b0a4-3ff598fa63c3,Frank,Smith,f07245df80ee034f9519eed5d761e5979380e417366cf1119c10328c6dfe9016,franksmith584@testmail.com,23-03-1985,true,26-11-2020,true,30-10-2014,CIV,PATIENT
ea267360-d188-44b4-9bb6-a3f846a7a5be,David,Doe,f07245df80ee034f9519eed5d761e5979380e417366cf1119c10328c6dfe9016,daviddoe922@example.com,08-06-1970,true,,false,24-09-2020,CIV,PATIENT
ad0dd0e0-e699-47f4-a400-a70aae7863e6,Charlie,Smith,f07245df80ee034f9519eed5d761e5979380e417366cf1119c10328c6dfe9016,charliesmith310@example.com,01-03-2005,false,,false,,LSO,PATIENT
054e074e-87be-4650-b376-dcf5098d9f39,John,Doe,f07245df80ee034f9519eed5d761e5979380e417366cf1119c10328c6dfe9016,johndoe22@mail.com,09-09-1993,true,22-12-2018,true,24-11-2016,BDI,PATIENT
7e2107ce-fbcb-4216-9a97-a684afb7535d,Grace,Johnson,f07245df80ee034f9519eed5d761e5979380e417366cf1119c10328c6dfe9016,gracejohnson464@testmail.com,15-01-1997,false,,false,,BWA,PATIENT
d55cdd8f-7f7e-4904-b248-1cf1209e4451,John,Taylor,f07245df80ee034f9519eed5d761e5979380e417366cf1119c10328c6dfe9016,johntaylor898@mail.com,22-04-1967,true,10-04-2013,true,03-07-2006,SOM,PATIENT
53258975-faf7-4588-b5ca-2deb960ca9f2,John,Thomas,f07245df80ee034f9519eed5d761e5979380e417366cf1119c10328c6dfe9016,johnthomas715@example.com,27-12-1967,true,12-10-1992,true,10-04-1979,NER,PATIENT
cc75fdb9-ea66-4b5b-a575-54050b24a382,Frank,Anderson,f07245df80ee034f9519eed5d761e5979380e417366cf1119c10328c6dfe9016,frankanderson460@mail.com,27-07-2004,false,,false,,GNB,PATIENT
11ca39ea-c8b1-4969-96f4-128329c91051,John,Anderson,f07245df80ee034f9519eed5d761e5979380e417366cf1119c10328c6dfe9016,johnanderson746@example.com,31-12-1985,true,11-08-2003,true,31-03-1997,COG,PATIENT
6bc4b148-948d-4e52-8574-2ca11c508ae5,Test,Johnson,f07245df80ee034f9519eed5d761e5979380e417366cf1119c10328c6dfe9016,testjohnson354@testmail.com,28-11-1976,false,,false,,LBR,PATIENT
a37537f3-c7f2-46a5-93af-5d5f0b742dbb,Jane,Wilson,f07245df80ee034f9519eed5d761e5979380e417366cf1119c10328c6dfe9016,janewilson905@testmail.com,11-09-1970,false,,false,,SEN,PATIENT
4f8c765d-8ccf-408b-bb73-01d59125f3c7,John,Doe,f07245df80ee034f9519eed5d761e5979380e417366cf1119c10328c6dfe9016,johndoe610@mail.com,10-04-2004,false,,false,,CIV,PATIENT
7bc47754-bbab-4a39-831a-1481a9c2a6fd,David,Davis,f07245df80ee034f9519eed5d761e5979380e417366cf1119c10328c6dfe9016,daviddavis400@example.com,22-10-1981,false,,false,,NAM,PATIENT
1b3a9d80-62c6-4d82-be36-9c40fc7ca34f,Frank,Johnson,f07245df80ee034f9519eed5d761e5979380e417366cf1119c10328c6dfe9016,frankjohnson786@example.com,15-04-1973,false,,false,,SLE,PATIENT
78a83339-7e36-47f9-bafb-bc22d9a6a55a,Alice,Taylor,f07245df80ee034f9519eed5d761e5979380e417366cf1119c10328c6dfe9016,alicetaylor113@example.com,19-03-1963,false,,false,,SDN,PATIENT
f6dd7dd3-0f68-4bb7-9f1d-973eef2dfdae,Jane,Taylor,f07245df80ee034f9519eed5d761e5979380e417366cf1119c10328c6dfe9016,janetaylor414@testmail.com,28-12-2002,true,,false,12-05-2006,UGA,PATIENT
8835861a-6b5d-4fa6-8555-f0930d8c11e7,Bob,Smith,f07245df80ee034f9519eed5d761e5979380e417366cf1119c10328c6dfe9016,bobsmith814@testmail.com,26-10-1984,false,,false,,NGA,PATIENT
cff9253d-cf47-4734-b935-dfd86c5205d3,Charlie,Johnson,f07245df80ee034f9519eed5d761e5979380e417366cf1119c10328c6dfe9016,charliejohnson24@testmail.com,19-10-1980,false,,false,,SEN,PATIENT
38f82687-be2f-4dc2-aaab-64fc85d60635,John,Davis,f07245df80ee034f9519eed5d761e5979380e417366cf1119c10328c6dfe9016,johndavis838@example.com,03-03-1986,false,,false,,CIV,PATIENT
4e6f7fb2-942c-44ee-b139-662f89af79a9,Test,Anderson,f07245df80ee034f9519eed5d761e5979380e417366cf1119c10328c6dfe9016,testanderson722@mail.com,18-05-1991,true,11-10-2020,true,12-06-2013,SYC,PATIENT
6816480f-5892-4de2-8edf-07e63143ea32,Grace,Johnson,f07245df80ee034f9519eed5d761e5979380e417366cf1119c10328c6dfe9016,gracejohnson784@example.com,04-12-2002,false,,false,,AGO,PATIENT
68248ba1-692f-4ad3-aa01-95caa21e797a,Grace,Johnson,f07245df80ee034f9519eed5d761e5979380e417366cf1119c10328c6dfe9016,gracejohnson98@mail.com,28-05-1988,false,,false,,LBR,PATIENT
9f23ff98-fa53-489e-9421-3364fd92d1ca,Frank,Smith,f07245df80ee034f9519eed5d761e5979380e417366cf1119c10328c6dfe9016,franksmith189@testmail.com,30-05-2001,false,,false,,GIN,PATIENT
b7e6f47c-55c3-44c6-89ed-bfd512e572a0,David,Davis,f07245df80ee034f9519eed5d761e5979380e417366cf1119c10328c6dfe9016,daviddavis971@example.com,21-11-1972,true,,false,23-09-2001,SEN,PATIENT
841954bf-3f2c-45c1-91d1-2a5349f1198f,David,Doe,f07245df80ee034f9519eed5d761e5979380e417366cf1119c10328c6dfe9016,daviddoe188@example.com,23-07-1992,false,,false,,LBY,PATIENT
f1abc7a9-5e3c-4472-9836-984aae269e3e,Test,Taylor,f07245df80ee034f9519eed5d761e5979380e417366cf1119c10328c6dfe9016,testtaylor278@testmail.com,18-10-1968,false,,false,,CAF,PATIENT
6989fd42-7f2b-4633-a946-0c07607bbd27,John,Johnson,f07245df80ee034f9519eed5d761e5979380e417366cf1119c10328c6dfe9016,johnjohnson438@mail.com,24-07-1969,false,,false,,EGY,PATIENT
2266694f-5498-4f0a-87ab-9efb4c317d46,Test,Brown,f07245df80ee034f9519eed5d761e5979380e417366cf1119c10328c6dfe9016,testbrown267@mail.com,01-05-2005,false,,false,,DJI,PATIENT
16612611-2517-4bb7-9b99-9d61e9ad29c3,Grace,Brown,f07245df80ee034f9519eed5d761e5979380e417366cf1119c10328c6dfe9016,gracebrown539@testmail.com,25-04-1967,false,,false,,DJI,PATIENT
9e3ffc29-01ac-459e-96de-0e3f14c527cf,Frank,Smith,f07245df80ee034f9519eed5d761e5979380e417366cf1119c10328c6dfe9016,franksmith884@testmail.com,17-10-1972,true,,false,23-07-1975,GAB,PATIENT
1e68e340-1661-463e-8473-a2b794f924b7,John,Davis,f07245df80ee034f9519eed5d761e5979380e417366cf1119c10328c6dfe9016,johndavis712@testmail.com,08-05-1976,true,28-06-2020,true,01-05-2020,ZWE,PATIENT
66bb28dd-2ffd-45dc-8d63-19b439a26d97,Charlie,Brown,f07245df80ee034f9519eed5d761e5979380e417366cf1119c10328c6dfe9016,charliebrown319@testmail.com,10-04-1969,true,,false,02-07-1983,GNQ,PATIENT
16123816-2ac6-4681-a287-96f9590a9884,John,Brown,f07245df80ee034f9519eed5d761e5979380e417366cf1119c10328c6dfe9016,johnbrown421@mail.com,21-07-1987,true,,false,17-01-2003,SLE,PATIENT
4b2f6851-b93c-46c4-87c2-05156b271bbd,Eva,Anderson,f07245df80ee034f9519eed5d761e5979380e417366cf1119c10328c6dfe9016,evaanderson307@testmail.com,04-09-1968,false,,false,,GMB,PATIENT
b995bb76-211e-4284-a8d9-c9972ae332ad,Bob,Anderson,f07245df80ee034f9519eed5d761e5979380e417366cf1119c10328c6dfe9016,bobanderson88@testmail.com,21-08-1966,true,25-01-2018,true,08-01-2014,NAM,PATIENT
ebd3dca2-471f-46e8-babe-2db6586a034c,Alice,Smith,f07245df80ee034f9519eed5d761e5979380e417366cf1119c10328c6dfe9016,alicesmith504@mail.com,03-07-2002,true,23-02-2019,true,15-03-2011,UGA,PATIENT
884e8ce9-3a83-4150-bdae-9b11ffbfd818,Grace,Taylor,f07245df80ee034f9519eed5d761e5979380e417366cf1119c10328c6dfe9016,gracetaylor993@example.com,17-11-1977,false,,false,,COM,PATIENT
84fe0415-b865-4224-be5a-04a212a88e50,David,Smith,f07245df80ee034f9519eed5d761e5979380e417366cf1119c10328c6dfe9016,davidsmith540@example.com,16-09-1984,true,09-07-1996,true,28-11-1994,TCD,PATIENT
1750f843-4e5a-444d-ad8c-fb25f6ba71e0,Jane,Brown,f07245df80ee034f9519eed5d761e5979380e417366cf1119c10328c6dfe9016,janebrown619@mail.com,16-03-1999,false,,false,,NGA,PATIENT
cbda3700-b5ce-4638-938e-ad6f30966ec8,Frank,Wilson,f07245df80ee034f9519eed5d761e5979380e417366cf1119c10328c6dfe9016,frankwilson394@testmail.com,12-05-1970,false,,false,,TZA,PATIENT
0ffb4349-c7d7-432e-be26-5cea92ba8f23,Bob,Taylor,f07245df80ee034f9519eed5d761e5979380e417366cf1119c10328c6dfe9016,bobtaylor768@mail.com,19-10-1963,true,04-05-2007,true,02-09-1990,RWA,PATIENT
3260e2b6-0eac-4ecb-8ee9-b3dffb775f33,John,Thomas,f07245df80ee034f9519eed5d761e5979380e417366cf1119c10328c6dfe9016,johnthomas103@testmail.com,05-12-1973,true,,false,31-10-2013,MDG,PATIENT
1f43bf50-ad3e-4955-a42e-7257706452fb,Eva,Wilson,f07245df80ee034f9519eed5d761e5979380e417366cf1119c10328c6dfe9016,evawilson222@testmail.com,19-10-1971,true,,false,13-04-2002,MAR,PATIENT
52d86859-aee8-4310-bffe-d35a4a8f25d4,Eva,Wilson,f07245df80ee034f9519eed5d761e5979380e417366cf1119c10328c6dfe9016,evawilson639@testmail.com,30-01-1965,true,,false,06-09-1965,ZMB,PATIENT
d5b31092-1816-4d49-b523-0ffabb5059e8,Alice,Smith,f07245df80ee034f9519eed5d761e5979380e417366cf1119c10328c6dfe9016,alicesmith112@example.com,29-09-1968,true,,false,11-08-1972,CIV,PATIENT
f1250c80-2682-4368-91f5-a73290967620,Grace,Johnson,f07245df80ee034f9519eed5d761e5979380e417366cf1119c10328c6dfe9016,gracejohnson707@mail.com,21-03-1973,true,09-12-1979,true,22-08-1975,GAB,PATIENT
00a8ab29-7d65-47f9-a4d5-27c6a8365038,Grace,Davis,f07245df80ee034f9519eed5d761e5979380e417366cf1119c10328c6dfe9016,gracedavis579@mail.com,05-11-1991,true,,false,21-06-2001,NGA,PATIENT
cf4b68df-7316-495b-a4c4-9d64a8bd6802,Test,Wilson,f07245df80ee034f9519eed5d761e5979380e417366cf1119c10328c6dfe9016,testwilson391@testmail.com,22-06-1983,true,02-01-2012,true,28-10-2011,ETH,PATIENT
eeb6e869-f1c0-4894-879b-56df814b824d,Bob,Anderson,f07245df80ee034f9519eed5d761e5979380e417366cf1119c10328c6dfe9016,bobanderson348@testmail.com,31-01-1978,true,,false,05-08-2007,ETH,PATIENT
dc55b765-2fd9-4b34-80ad-d809d2b698e1,Frank,Smith,f07245df80ee034f9519eed5d761e5979380e417366cf1119c10328c6dfe9016,franksmith742@mail.com,30-01-2002,true,,false,12-11-2002,KEN,PATIENT
2edac5a9-af54-4354-a17b-ea617edf9fcb,Eva,Taylor,f07245df80ee034f9519eed5d761e5979380e417366cf1119c10328c6dfe9016,evataylor127@example.com,04-11-1973,false,,false,,SWZ,PATIENT
f50aa329-06e1-4bb5-9b42-36d4ba6181e2,Jane,Johnson,f07245df80ee034f9519eed5d761e5979380e417366cf1119c10328c6dfe9016,janejohnson252@mail.com,11-05-1977,true,04-05-2006,true,10-05-2000,AGO,PATIENT
8c04daa5-0a29-4461-a4cb-4090eb930e5a,Charlie,Smith,f07245df80ee034f9519eed5d761e5979380e417366cf1119c10328c6dfe9016,charliesmith71@testmail.com,03-12-1986,false,,false,,TZA,PATIENT
efd9ff43-5234-47c0-b069-db30f0da18ed,Alice,Thomas,f07245df80ee034f9519eed5d761e5979380e417366cf1119c10328c6dfe9016,alicethomas846@example.com,04-02-2002,true,,false,08-05-2002,MWI,PATIENT
0cda1994-a172-46bb-9d1b-87d8c6866f32,John,Doe,f07245df80ee034f9519eed5d761e5979380e417366cf1119c10328c6dfe9016,johndoe679@testmail.com,02-05-2001,false,,false,,SLE,PATIENT
d72a0dbc-53db-456a-82e2-d69662ac1eb8,Eva,Doe,f07245df80ee034f9519eed5d761e5979380e417366cf1119c10328c6dfe9016,evadoe897@mail.com,15-09-2002,true,15-06-2008,true,01-11-2003,SWZ,PATIENT
701cfb82-0127-4128-be4f-c67e6fa58d13,Alice,Wilson,f07245df80ee034f9519eed5d761e5979380e417366cf1119c10328c6dfe9016,alicewilson766@mail.com,23-09-1971,true,,false,24-05-2006,DJI,PATIENT
f61544ea-0cca-4577-bc09-98a5d19a9304,John,Brown,f07245df80ee034f9519eed5d761e5979380e417366cf1119c10328c6dfe9016,johnbrown556@mail.com,28-04-1997,true,,false,28-01-2015,ZMB,PATIENT
dcb1573f-9ffb-4bc1-bb0b-807cf484701e,John,Thomas,f07245df80ee034f9519eed5d761e5979380e417366cf1119c10328c6dfe9016,johnthomas661@testmail.com,05-05-1994,true,,false,05-02-2014,ZWE,PATIENT
42746c1c-a9fb-41e3-946c-37640efea829,Eva,Wilson,f07245df80ee034f9519eed5d761e5979380e417366cf1119c10328c6dfe9016,evawilson625@mail.com,14-09-1995,false,,false,,COM,PATIENT
bf61d43a-c688-47e9-a0c3-e583c05d8f3c,Eva,Wilson,f07245df80ee034f9519eed5d761e5979380e417366cf1119c10328c6dfe9016,evawilson578@example.com,20-09-1986,true,,false,07-07-2012,MWI,PATIENT
ab1e1205-9c08-4d2f-bb71-0c010e37da2b,Eva,Taylor,f07245df80ee034f9519eed5d761e5979380e417366cf1119c10328c6dfe9016,evataylor133@mail.com,23-08-1997,true,,false,05-09-2018,SEN,PATIENT
54ad9652-18bd-4ef6-9a1c-27afbafa85d6,Bob,Thomas,f07245df80ee034f9519eed5d761e5979380e417366cf1119c10328c6dfe9016,bobthomas963@testmail.com,10-08-1985,true,15-07-2010,true,28-11-2006,KEN,PATIENT
7974898e-484b-49c7-8234-a1b12a269a68,Grace,Anderson,f07245df80ee034f9519eed5d761e5979380e417366cf1119c10328c6dfe9016,graceanderson269@example.com,01-07-1984,false,,false,,COD,PATIENT
e063babb-9144-4b21-a8d0-d123fda3e97f,Bob,Johnson,f07245df80ee034f9519eed5d761e5979380e417366cf1119c10328c6dfe9016,bobjohnson851@mail.com,06-05-1961,false,,false,,ZWE,PATIENT
8fe88e32-40f2-4796-a219-14b11ae5559c,Test,Taylor,f07245df80ee034f9519eed5d761e5979380e417366cf1119c10328c6dfe9016,testtaylor599@mail.com,24-08-1965,true,23-04-1985,true,21-05-1977,SYC,PATIENT
89e26d75-8fd2-4c10-804e-c4ff0d48b7f8,Test,Brown,f07245df80ee034f9519eed5d761e5979380e417366cf1119c10328c6dfe9016,testbrown146@testmail.com,27-09-1970,true,,false,16-01-2001,MWI,PATIENT
290c153d-bc4b-43ac-80d8-2b9abce3e75c,Eva,Wilson,f07245df80ee034f9519eed5d761e5979380e417366cf1119c10328c6dfe9016,evawilson57@testmail.com,22-04-1990,false,,false,,DZA,PATIENT
cf766161-b903-4703-87bf-6a9ad8cc7548,Eva,Davis,f07245df80ee034f9519eed5d761e5979380e417366cf1119c10328c6dfe9016,evadavis32@example.com,26-09-2005,false,,false,,STP,PATIENT
4fa362ca-a391-4ca3-bdb6-5c7efc13c6a8,Frank,Davis,f07245df80ee034f9519eed5d761e5979380e417366cf1119c10328c6dfe9016,frankdavis914@testmail.com,11-06-1995,false,,false,,TGO,PATIENT
e11fcd00-146e-4f22-93e7-904e54392952,Bob,Anderson,f07245df80ee034f9519eed5d761e5979380e417366cf1119c10328c6dfe9016,bobanderson998@mail.com,18-11-1975,true,14-09-2018,true,11-12-2017,LSO,PATIENT
333d4374-bc63-43ee-aab2-bc64b368a91d,Bob,Doe,f07245df80ee034f9519eed5d761e5979380e417366cf1119c10328c6dfe9016,bobdoe428@example.com,10-05-1970,false,,false,,CIV,PATIENT
5e8ca7cf-8fc9-4203-9f43-4b70a8e026c7,Eva,Davis,f07245df80ee034f9519eed5d761e5979380e417366cf1119c10328c6dfe9016,evadavis795@testmail.com,05-02-1998,false,,false,,ERI,PATIENT
87f62775-482b-480d-bf46-b3b341287d24,Frank,Anderson,f07245df80ee034f9519eed5d761e5979380e417366cf1119c10328c6dfe9016,frankanderson825@testmail.com,05-06-1983,true,,false,21-02-1998,KEN,PATIENT
64be2c5e-2ddd-4067-896d-79e47e7437a7,Charlie,Patient,f07245df80ee034f9519eed5d761e5979380e417366cf1119c10328c6dfe9016,charliepatient610@testmail.com,16-07-1982,false,,false,,MAR,PATIENT
4db0a630-1c62-4560-a364-315b819d486b,John,Taylor,f07245df80ee034f9519eed5d761e5979380e417366cf1119c10328c6dfe9016,johntaylor976@testmail.com,14-10-2001,false,,false,,MRT,PATIENT
143b2035-8806-4a2a-a768-580582729400,David,Anderson,f07245df80ee034f9519eed5d761e5979380e417366cf1119c10328c6dfe9016,davidanderson178@mail.com,22-11-1984,true,,false,27-06-2018,COD,PATIENT
dbe1eac2-9136-4e32-83d3-ee75696012f8,Test,Anderson,f07245df80ee034f9519eed5d761e5979380e417366cf1119c10328c6dfe9016,testanderson343@testmail.com,25-09-1976,false,,false,,ZMB,PATIENT
c456c97d-9447-4815-9d6f-bcbc944bd0ec,Eva,Thomas,f07245df80ee034f9519eed5d761e5979380e417366cf1119c10328c6dfe9016,evathomas582@mail.com,24-11-1970,false,,false,,TGO,PATIENT
bf961329-182d-4c24-802c-8f873262905c,Test,Johnson,f07245df80ee034f9519eed5d761e5979380e417366cf1119c10328c6dfe9016,testjohnson836@mail.com,05-11-1971,true,30-05-2006,true,05-05-1982,SYC,PATIENT
f3372e7e-45a0-4619-bf11-863507791468,John,Wilson,f07245df80ee034f9519eed5d761e5979380e417366cf1119c10328c6dfe9016,johnwilson323@example.com,06-12-1989,true,,false,23-10-1990,ZMB,PATIENT
d4d5543c-e6b9-46b9-add8-42a17aad7ec6,Frank,Wilson,f07245df80ee034f9519eed5d761e5979380e417366cf1119c10328c6dfe9016,frankwilson995@example.com,17-08-1965,true,,false,22-12-1975,COG,PATIENT
6ccb71e4-a1b8-4104-9b13-4bd97943109d,Jane,Anderson,f07245df80ee034f9519eed5d761e5979380e417366cf1119c10328c6dfe9016,janeanderson764@mail.com,04-02-1984,false,,false,,SYC,PATIENT
0589f736-40a9-4d4e-9d0c-ad36f1f1f7ee,Test,Patient,f07245df80ee034f9519eed5d761e5979380e417366cf1119c10328c6dfe9016,testpatient187@testmail.com,21-05-2005,true,09-09-2015,true,09-06-2007,ZMB,PATIENT
5cc26114-89d5-45d3-8cf7-f8ea63e373da,David,Wilson,f07245df80ee034f9519eed5d761e5979380e417366cf1119c10328c6dfe9016,davidwilson696@mail.com,03-10-1965,true,08-01-2007,true,26-04-1995,EGY,PATIENT
89a79f00-96d6-4cf8-b62b-b188c861c77a,Grace,Davis,f07245df80ee034f9519eed5d761e5979380e417366cf1119c10328c6dfe9016,gracedavis613@mail.com,16-09-2005,false,,false,,SYC,PATIENT
a4356b48-f78f-4f81-b2b5-10e281214f01,Jane,Davis,f07245df80ee034f9519eed5d761e5979380e417366cf1119c10328c6dfe9016,janedavis932@testmail.com,20-07-1963,true,29-07-2020,true,26-09-2003,SOM,PATIENT
cbabefa6-eab5-40c6-bf72-777d4d84e697,Frank,Doe,f07245df80ee034f9519eed5d761e5979380e417366cf1119c10328c6dfe9016,frankdoe257@mail.com,27-08-2001,true,16-11-2012,true,02-06-2009,MUS,PATIENT
ada82f38-faa3-4fcd-b35a-e8a3b8cd6ad8,David,Johnson,f07245df80ee034f9519eed5d761e5979380e417366cf1119c10328c6dfe9016,davidjohnson162@testmail.com,23-02-2001,true,,false,04-01-2009,ETH,PATIENT
3da1045d-939e-449d-b544-6ce0078177e4,Eva,Patient,f07245df80ee034f9519eed5d761e5979380e417366cf1119c10328c6dfe9016,evapatient183@testmail.com,06-01-1965,true,,false,14-06-1995,CPV,PATIENT
7cd84f94-3d9a-4485-a37c-008aabb12cc4,Test,Johnson,f07245df80ee034f9519eed5d761e5979380e417366cf1119c10328c6dfe9016,testjohnson849@example.com,19-01-1997,false,,false,,GMB,PATIENT
1627c58a-29f0-49a4-ae38-558bc0309762,David,Johnson,f07245df80ee034f9519eed5d761e5979380e417366cf1119c10328c6dfe9016,davidjohnson235@testmail.com,19-04-2005,true,16-12-2017,true,16-12-2013,STP,PATIENT
afeacb18-0d9c-451f-ab15-3b8c7abd48fa,Eva,Anderson,f07245df80ee034f9519eed5d761e5979380e417366cf1119c10328c6dfe9016,evaanderson182@mail.com,17-06-1972,true,29-07-2004,true,07-11-2000,MAR,PATIENT
51daeea9-1ad2-4f8f-9d96-105d90a1978f,John,Taylor,f07245df80ee034f9519eed5d761e5979380e417366cf1119c10328c6dfe9016,johntaylor415@example.com,06-07-2005,true,,false,04-05-2015,BFA,PATIENT
70594ea0-a1e6-42fe-8f86-5995e28a104c,John,Taylor,f07245df80ee034f9519eed5d761e5979380e417366cf1119c10328c6dfe9016,johntaylor91@testmail.com,19-07-1985,false,,false,,SEN,PATIENT
b1874fa1-ed58-4ae9-8b8f-ac459f645402,Grace,Thomas,f07245df80ee034f9519eed5d761e5979380e417366cf1119c10328c6dfe9016,gracethomas900@mail.com,28-09-1977,true,10-09-1995,true,08-05-1983,MOZ,PATIENT
39657121-249d-45ae-9c24-ba08d8d8f6c9,Alice,Taylor,f07245df80ee034f9519eed5d761e5979380e417366cf1119c10328c6dfe9016,alicetaylor523@example.com,04-03-1983,false,,false,,KEN,PATIENT
01e362a6-2b3c-4ed0-901a-09d0f5974814,Jane,Patient,f07245df80ee034f9519eed5d761e5979380e417366cf1119c10328c6dfe9016,janepatient115@testmail.com,12-09-1995,true,,false,11-04-1998,DJI,PATIENT
3a96c684-c678-4985-bc78-bbb9ef20b59c,Frank,Taylor,f07245df80ee034f9519eed5d761e5979380e417366cf1119c10328c6dfe9016,franktaylor779@testmail.com,01-03-2002,true,,false,06-07-2011,NER,PATIENT
8b86655e-efb6-4787-a57e-d95c4ce65bc3,David,Wilson,f07245df80ee034f9519eed5d761e5979380e417366cf1119c10328c6dfe9016,davidwilson818@testmail.com,20-03-1970,false,,false,,CIV,PATIENT
a1431886-b574-4b69-babc-caf31df87f7f,John,Wilson,f07245df80ee034f9519eed5d761e5979380e417366cf1119c10328c6dfe9016,johnwilson62@example.com,28-09-1974,false,,false,,CIV,PATIENT
dbc8116b-5364-47e8-8152-b22a9b5b5f36,David,Patient,f07245df80ee034f9519eed5d761e5979380e417366cf1119c10328c6dfe9016,davidpatient592@example.com,12-10-1999,true,07-01-2006,true,22-01-2004,DZA,PATIENT
cfea32e1-2efa-474d-8af0-ef16f5a21b3c,Grace,Johnson,f07245df80ee034f9519eed5d761e5979380e417366cf1119c10328c6dfe9016,gracejohnson305@testmail.com,16-08-1987,false,,false,,BWA,PATIENT
3009233c-bc5f-4a22-8401-45f62b194486,John,Thomas,f07245df80ee034f9519eed5d761e5979380e417366cf1119c10328c6dfe9016,johnthomas275@testmail.com,04-10-1983,false,,false,,SSD,PATIENT
7baa1be5-5b79-4f16-9e7c-83b308050ade,John,Wilson,f07245df80ee034f9519eed5d761e5979380e417366cf1119c10328c6dfe9016,johnwilson60@testmail.com,08-12-1987,false,,false,,CPV,PATIENT
1a4417a7-62fb-4412-a931-5a8c32802b57,Eva,Doe,f07245df80ee034f9519eed5d761e5979380e417366cf1119c10328c6dfe9016,evadoe538@example.com,17-06-1988,true,06-10-2018,true,11-08-2011,COG,PATIENT
3dcd4c64-6068-4341-86ef-a2417c5381ff,John,Brown,f07245df80ee034f9519eed5d761e5979380e417366cf1119c10328c6dfe9016,johnbrown884@mail.com,23-02-1970,false,,false,,NER,PATIENT
3e505617-97b7-4b11-a665-af4a565ff645,Frank,Taylor,f07245df80ee034f9519eed5d761e5979380e417366cf1119c10328c6dfe9016,franktaylor888@testmail.com,07-07-1972,false,,false,,GNB,PATIENT
c87309e7-b2a8-469f-9fbf-c4ab6877f942,David,Doe,f07245df80ee034f9519eed5d761e5979380e417366cf1119c10328c6dfe9016,daviddoe136@example.com,02-11-1961,false,,false,,MRT,PATIENT
5f6f120b-c6cf-4520-91fc-a62c63f70625,John,Wilson,f07245df80ee034f9519eed5d761e5979380e417366cf1119c10328c6dfe9016,johnwilson930@testmail.com,13-05-1972,true,02-08-2014,true,26-05-2004,TZA,PATIENT
17945ffb-de3e-48b8-81f0-5dff26ad9778,Frank,Wilson,f07245df80ee034f9519eed5d761e5979380e417366cf1119c10328c6dfe9016,frankwilson930@testmail.com,01-12-1972,false,,false,,NGA,PATIENT
f623baca-fb57-46e3-acb3-82cd115a5db0,David,Patient,f07245df80ee034f9519eed5d761e5979380e417366cf1119c10328c6dfe9016,davidpatient803@testmail.com,15-05-1966,true,,false,01-01-1985,RWA,PATIENT
14bf55ce-7d66-4dd7-a60c-22bb42428fcc,Test,Anderson,f07245df80ee034f9519eed5d761e5979380e417366cf1119c10328c6dfe9016,testanderson224@mail.com,08-11-1998,false,,false,,CPV,PATIENT
29076253-b9a9-476c-8f56-7c701358602f,Frank,Thomas,f07245df80ee034f9519eed5d761e5979380e417366cf1119c10328c6dfe9016,frankthomas131@example.com,05-04-1985,false,,false,,MRT,PATIENT
78db62b2-3853-4933-b90a-78f078767e03,Frank,Smith,f07245df80ee034f9519eed5d761e5979380e417366cf1119c10328c6dfe9016,franksmith771@example.com,08-09-2005,true,24-11-2017,true,24-01-2010,DZA,PATIENT
0fa2ca34-2869-464b-ab12-49851dec2d2a,Bob,Wilson,f07245df80ee034f9519eed5d761e5979380e417366cf1119c10328c6dfe9016,bobwilson288@testmail.com,11-05-1996,true,05-04-2010,true,22-05-2000,ZWE,PATIENT
25c73387-6080-405d-abc6-7c7f6f547f10,Grace,Anderson,f07245df80ee034f9519eed5d761e5979380e417366cf1119c10328c6dfe9016,graceanderson501@example.com,23-04-1993,true,,false,22-07-1999,AGO,PATIENT
9706489a-7619-477e-b908-3a7664995869,Eva,Smith,f07245df80ee034f9519eed5d761e5979380e417366cf1119c10328c6dfe9016,evasmith320@mail.com,21-11-1974,true,19-03-2002,true,23-04-1989,LSO,PATIENT
272a1eec-8616-4f64-a196-ce9df345a804,Frank,Thomas,f07245df80ee034f9519eed5d761e5979380e417366cf1119c10328c6dfe9016,frankthomas285@mail.com,27-07-1981,false,,false,,BFA,PATIENT
5f1630da-a656-4312-b43e-1e002dc0bdf9,Frank,Patient,f07245df80ee034f9519eed5d761e5979380e417366cf1119c10328c6dfe9016,frankpatient89@testmail.com,22-12-1972,false,,false,,CAF,PATIENT
911f2868-4452-43b9-b942-8bce6f531ee3,Charlie,Smith,f07245df80ee034f9519eed5d761e5979380e417366cf1119c10328c6dfe9016,charliesmith142@mail.com,05-09-1988,false,,false,,CAF,PATIENT
51eaab03-b123-4eaa-9db1-afed37b17962,Jane,Patient,f07245df80ee034f9519eed5d761e5979380e417366cf1119c10328c6dfe9016,janepatient546@example.com,02-09-1995,false,,false,,GNQ,PATIENT
5ea21c24-6a5c-4603-8b74-1085d696f918,Bob,Smith,f07245df80ee034f9519eed5d761e5979380e417366cf1119c10328c6dfe9016,bobsmith88@example.com,22-06-1963,true,,false,16-05-2003,GHA,PATIENT
6af43acf-d7bc-4d7c-84e0-78ea66a3b89d,Frank,Thomas,f07245df80ee034f9519eed5d761e5979380e417366cf1119c10328c6dfe9016,frankthomas59@example.com,01-12-1987,false,,false,,ZMB,PATIENT
11bd9615-0970-46b6-b9b5-edca4f4cf384,John,Brown,f07245df80ee034f9519eed5d761e5979380e417366cf1119c10328c6dfe9016,johnbrown229@mail.com,11-02-1996,true,,false,09-01-2004,SSD,PATIENT
3da392e0-ef16-4931-b7d5-ccf8736e5198,John,Anderson,f07245df80ee034f9519eed5d761e5979380e417366cf1119c10328c6dfe9016,johnanderson599@example.com,01-12-1998,true,,false,20-11-2007,TCD,PATIENT
f43da42d-1630-4e91-83bd-b5e3f998337e,Eva,Anderson,f07245df80ee034f9519eed5d761e5979380e417366cf1119c10328c6dfe9016,evaanderson547@mail.com,12-10-1973,false,,false,,SLE,PATIENT
8675eaf0-3a7a-45e7-91dd-59c6e079bcf4,John,Davis,f07245df80ee034f9519eed5d761e5979380e417366cf1119c10328c6dfe9016,johndavis857@mail.com,06-02-2001,true,,false,02-07-2018,TCD,PATIENT
6d34d96f-d23a-4342-aebc-9823f88b81f3,Eva,Smith,f07245df80ee034f9519eed5d761e5979380e417366cf1119c10328c6dfe9016,evasmith299@example.com,30-06-1963,false,,false,,TCD,PATIENT
4bb3691f-62c8-4196-a459-10ce90f4fd06,Grace,Davis,f07245df80ee034f9519eed5d761e5979380e417366cf1119c10328c6dfe9016,gracedavis597@mail.com,20-09-1972,true,29-04-2019,true,17-09-1976,LSO,PATIENT
3876614f-6e07-49d7-b21b-087951dc77e2,Frank,Johnson,f07245df80ee034f9519eed5d761e5979380e417366cf1119c10328c6dfe9016,frankjohnson800@example.com,14-07-2000,false,,false,,ETH,PATIENT
8e7f6e05-88fc-473b-b8ea-53900eb9f01f,Grace,Brown,f07245df80ee034f9519eed5d761e5979380e417366cf1119c10328c6dfe9016,gracebrown79@mail.com,09-08-1966,false,,false,,COM,PATIENT
6864465b-50c5-4abd-9502-b1e2684ee9a6,Jane,Brown,f07245df80ee034f9519eed5d761e5979380e417366cf1119c10328c6dfe9016,janebrown797@mail.com,07-08-1965,true,,false,29-10-2007,TUN,PATIENT
35ba4454-7576-4585-9c30-17dfe4164c77,Jane,Smith,f07245df80ee034f9519eed5d761e5979380e417366cf1119c10328c6dfe9016,janesmith547@testmail.com,13-03-1983,true,,false,17-04-2018,TZA,PATIENT
b3c4cb93-99da-4b87-bc14-ed00b0ed5173,David,Smith,f07245df80ee034f9519eed5d761e5979380e417366cf1119c10328c6dfe9016,davidsmith778@mail.com,04-07-2004,false,,false,,SWZ,PATIENT
5482b7fb-9e0f-4922-be56-2473506f049d,Eva,Patient,f07245df80ee034f9519eed5d761e5979380e417366cf1119c10328c6dfe9016,evapatient782@testmail.com,10-09-2005,false,,false,,TZA,PATIENT
64412a8c-4617-4a30-aa53-3e83557ede28,Alice,Johnson,f07245df80ee034f9519eed5d761e5979380e417366cf1119c10328c6dfe9016,alicejohnson55@mail.com,31-07-1994,false,,false,,TCD,PATIENT
56d9840d-98ba-440e-a984-b68c5d2c5898,Jane,Davis,f07245df80ee034f9519eed5d761e5979380e417366cf1119c10328c6dfe9016,janedavis886@testmail.com,14-09-1984,true,,false,01-05-1987,GHA,PATIENT
35e22781-8056-4a48-8acf-f6dfa11e4dcf,Jane,Patient,f07245df80ee034f9519eed5d761e5979380e417366cf1119c10328c6dfe9016,janepatient935@example.com,12-08-1970,true,04-01-2013,true,24-08-2009,BEN,PATIENT
a460b722-71f1-4bb4-9e71-726fb586ad75,Charlie,Thomas,f07245df80ee034f9519eed5d761e5979380e417366cf1119c10328c6dfe9016,charliethomas204@example.com,28-01-1970,false,,false,,TGO,PATIENT
b434b951-f271-49ba-aa13-c83838bbd15c,Charlie,Johnson,f07245df80ee034f9519eed5d761e5979380e417366cf1119c10328c6dfe9016,charliejohnson413@example.com,14-04-1973,false,,false,,MLI,PATIENT
21c8ad5c-4a6d-4623-81d7-393df6fc7dd4,Frank,Brown,f07245df80ee034f9519eed5d761e5979380e417366cf1119c10328c6dfe9016,frankbrown870@testmail.com,14-11-1966,true,,false,10-09-1993,ZAF,PATIENT
715f2bd2-ec4b-4f19-a2e8-ab18e090f5de,Jane,Doe,f07245df80ee034f9519eed5d761e5979380e417366cf1119c10328c6dfe9016,janedoe970@mail.com,03-01-1975,false,,false,,MUS,PATIENT
f8fef542-4435-46cd-aef7-750ce1d5e5ad,Charlie,Anderson,f07245df80ee034f9519eed5d761e5979380e417366cf1119c10328c6dfe9016,charlieanderson413@example.com,03-10-1972,false,,false,,NGA,PATIENT
a8737f2d-347f-4cb1-8c14-d4e342f85427,Charlie,Smith,f07245df80ee034f9519eed5d761e5979380e417366cf1119c10328c6dfe9016,charliesmith889@mail.com,13-11-1975,false,,false,,CIV,PATIENT
4fc8026e-650f-44a3-aec6-e6c00d70a73b,Bob,Wilson,f07245df80ee034f9519eed5d761e5979380e417366cf1119c10328c6dfe9016,bobwilson321@testmail.com,10-01-1982,false,,false,,SOM,PATIENT
f834c73a-4479-42e9-aea3-abfb09985355,Grace,Anderson,f07245df80ee034f9519eed5d761e5979380e417366cf1119c10328c6dfe9016,graceanderson563@mail.com,04-07-2004,true,,false,25-12-2018,TCD,PATIENT
19b3642f-174d-4a5d-8735-39f9832e4e20,Alice,Smith,f07245df80ee034f9519eed5d761e5979380e417366cf1119c10328c6dfe9016,alicesmith870@mail.com,12-11-1998,true,,false,11-02-2011,CAF,PATIENT
57f6cf9a-5a7d-4417-963f-486ce4b4f113,Test,Davis,f07245df80ee034f9519eed5d761e5979380e417366cf1119c10328c6dfe9016,testdavis175@example.com,30-12-1974,true,03-04-2019,true,28-11-2012,KEN,PATIENT
583fc965-24a2-4678-94f3-a59da100aaa3,Bob,Anderson,f07245df80ee034f9519eed5d761e5979380e417366cf1119c10328c6dfe9016,bobanderson884@mail.com,16-11-1964,false,,false,,TGO,PATIENT
d6fe8546-43d9-4ba8-b33f-6dac3d7102bd,John,Johnson,f07245df80ee034f9519eed5d761e5979380e417366cf1119c10328c6dfe9016,johnjohnson189@example.com,10-09-1983,true,,false,04-02-1996,ZAF,PATIENT
1030589f-3f63-40ee-a630-af5f6deea55d,Test,Doe,f07245df80ee034f9519eed5d761e5979380e417366cf1119c10328c6dfe9016,testdoe101@example.com,07-03-1985,false,,false,,CMR,PATIENT
8a9eed40-d324-46ee-bb40-e7ee1a5c2765,Jane,Doe,f07245df80ee034f9519eed5d761e5979380e417366cf1119c10328c6dfe9016,janedoe344@mail.com,01-07-1975,false,,false,,BDI,PATIENT
4f7c1c2e-5adf-4168-ae32-578941a685a5,Test,Johnson,f07245df80ee034f9519eed5d761e5979380e417366cf1119c10328c6dfe9016,testjohnson329@example.com,02-04-1992,true,,false,22-10-2007,GHA,PATIENT
545df892-adf8-43cf-a5cf-e8e5baf8db47,Bob,Brown,f07245df80ee034f9519eed5d761e5979380e417366cf1119c10328c6dfe9016,bobbrown143@mail.com,06-09-1991,true,,false,24-04-2018,AGO,PATIENT
510b792b-2e90-4c93-89a5-886f1c4ae892,Grace,Brown,f07245df80ee034f9519eed5d761e5979380e417366cf1119c10328c6dfe9016,gracebrown557@testmail.com,07-09-1978,false,,false,,SYC,PATIENT
b5dc9968-7bcc-476d-b111-bdf8ca3808c5,Grace,Smith,f07245df80ee034f9519eed5d761e5979380e417366cf1119c10328c6dfe9016,gracesmith108@mail.com,27-07-1997,true,,false,27-06-2018,MAR,PATIENT
37f1b171-20c3-423f-b5d3-4316aaf5e102,Charlie,Doe,f07245df80ee034f9519eed5d761e5979380e417366cf1119c10328c6dfe9016,charliedoe869@example.com,13-01-1976,false,,false,,ETH,PATIENT
56fb378e-e5d9-4223-8b5b-2a4901146328,Jane,Johnson,f07245df80ee034f9519eed5d761e5979380e417366cf1119c10328c6dfe9016,janejohnson82@mail.com,02-03-1986,true,20-02-2019,true,03-01-2013,NGA,PATIENT
db44e3ac-6194-4735-9cb5-fc5bd0756f33,Alice,Doe,f07245df80ee034f9519eed5d761e5979380e417366cf1119c10328c6dfe9016,alicedoe69@example.com,29-05-1982,false,,false,,DJI,PATIENT
fcae57fc-fd1a-45d0-9550-7c46130718ce,Jane,Thomas,f07245df80ee034f9519eed5d761e5979380e417366cf1119c10328c6dfe9016,janethomas557@testmail.com,29-10-1976,false,,false,,LBY,PATIENT
a1fc58c6-79f5-4f14-afac-1b080eddd322,David,Smith,f07245df80ee034f9519eed5d761e5979380e417366cf1119c10328c6dfe9016,davidsmith299@mail.com,25-08-2000,true,,false,22-06-2006,SOM,PATIENT
af66f85e-fb87-4828-888d-e10656624742,Jane,Davis,f07245df80ee034f9519eed5d761e5979380e417366cf1119c10328c6dfe9016,janedavis703@testmail.com,15-07-1961,true,,false,07-09-1992,DJI,PATIENT
4e13e914-3231-41ae-9cc5-3bf7556fdcbf,Frank,Smith,f07245df80ee034f9519eed5d761e5979380e417366cf1119c10328c6dfe9016,franksmith720@example.com,02-04-1968,true,06-02-1986,true,22-07-1985,SWZ,PATIENT
fa58d5b2-ce70-4035-a258-dc0dfeceb004,Test,Taylor,f07245df80ee034f9519eed5d761e5979380e417366cf1119c10328c6dfe9016,testtaylor917@example.com,01-05-1990,true,06-09-2012,true,16-05-2005,ZAF,PATIENT
e60df45d-f356-4df8-ae03-adf0d8bc0045,Alice,Taylor,f07245df80ee034f9519eed5d761e5979380e417366cf1119c10328c6dfe9016,alicetaylor327@mail.com,26-10-1979,true,20-10-2018,true,10-01-2018,LBR,PATIENT
c92686c5-4b90-4c94-a90c-70ddb656227f,Eva,Taylor,f07245df80ee034f9519eed5d761e5979380e417366cf1119c10328c6dfe9016,evataylor616@example.com,20-04-2001,true,04-08-2014,true,02-11-2008,MRT,PATIENT
d9b0e92c-3e7f-446a-84fa-695876a965db,Eva,Wilson,f07245df80ee034f9519eed5d761e5979380e417366cf1119c10328c6dfe9016,evawilson538@example.com,11-10-2003,false,,false,,BFA,PATIENT
3bc6aa22-dfc1-4cec-b515-dc525cea39a5,Alice,Doe,f07245df80ee034f9519eed5d761e5979380e417366cf1119c10328c6dfe9016,alicedoe390@mail.com,08-06-1960,true,,false,13-04-1965,EGY,PATIENT
434e4155-0110-46a0-b8e9-4b49bf06d859,Charlie,Anderson,f07245df80ee034f9519eed5d761e5979380e417366cf1119c10328c6dfe9016,charlieanderson889@example.com,22-09-1965,false,,false,,TUN,PATIENT
5789059f-b410-4f8d-a891-d16dadf09da9,Jane,Brown,f07245df80ee034f9519eed5d761e5979380e417366cf1119c10328c6dfe9016,janebrown712@testmail.com,04-08-1988,true,,false,19-02-2013,SWZ,PATIENT
9c09c798-9e18-4d21-a331-e06e8b2b4c91,Jane,Davis,f07245df80ee034f9519eed5d761e5979380e417366cf1119c10328c6dfe9016,janedavis407@testmail.com,11-12-1967,false,,false,,GIN,PATIENT
bd64f381-d496-4844-bb0d-a1f4e002dca0,Jane,Smith,f07245df80ee034f9519eed5d761e5979380e417366cf1119c10328c6dfe9016,janesmith675@testmail.com,04-03-1970,false,,false,,SEN,PATIENT
5144ab03-8346-4e8d-99ed-688070dea880,David,Wilson,f07245df80ee034f9519eed5d761e5979380e417366cf1119c10328c6dfe9016,davidwilson860@mail.com,25-11-2001,true,,false,01-12-2013,DZA,PATIENT
2cea55b1-728d-4227-ab4a-9446d9b851e3,Alice,Patient,f07245df80ee034f9519eed5d761e5979380e417366cf1119c10328c6dfe9016,alicepatient155@testmail.com,17-01-1974,false,,false,,SDN,PATIENT
b70fc4df-8b34-4380-8e52-58dd0fa64991,Alice,Patient,f07245df80ee034f9519eed5d761e5979380e417366cf1119c10328c6dfe9016,alicepatient992@example.com,08-07-2001,false,,false,,KEN,PATIENT
66568347-a559-4c86-b567-83f99475e755,Test,Johnson,f07245df80ee034f9519eed5d761e5979380e417366cf1119c10328c6dfe9016,testjohnson217@testmail.com,10-02-1982,false,,false,,NER,PATIENT
6a7bc1e7-f3b1-4061-81cd-116a937e7363,Eva,Smith,f07245df80ee034f9519eed5d761e5979380e417366cf1119c10328c6dfe9016,evasmith246@mail.com,08-10-1990,true,16-06-2020,true,23-09-2019,GIN,PATIENT
6c7f20ad-311e-4822-ac6c-bedc67a87269,David,Johnson,f07245df80ee034f9519eed5d761e5979380e417366cf1119c10328c6dfe9016,davidjohnson317@example.com,25-04-1992,true,,false,08-10-2007,BFA,PATIENT
9b492248-0cef-4871-93bd-c06fe31598b9,Grace,Taylor,f07245df80ee034f9519eed5d761e5979380e417366cf1119c10328c6dfe9016,gracetaylor719@testmail.com,12-09-1998,true,17-04-2008,true,25-04-1999,TGO,PATIENT
688faea2-2879-4b03-bac7-739060277d7b,Eva,Thomas,f07245df80ee034f9519eed5d761e5979380e417366cf1119c10328c6dfe9016,evathomas472@mail.com,17-03-1993,true,,false,10-02-2019,RWA,PATIENT
0ddc8675-ac4d-402e-800a-e2f4898369d6,Grace,Taylor,f07245df80ee034f9519eed5d761e5979380e417366cf1119c10328c6dfe9016,gracetaylor740@example.com,31-08-1988,true,,false,30-07-1999,MDG,PATIENT
933439e2-9fc0-4e80-88ae-8a52e079913a,David,Brown,f07245df80ee034f9519eed5d761e5979380e417366cf1119c10328c6dfe9016,davidbrown783@example.com,24-09-1982,false,,false,,TUN,PATIENT
eb537af9-a5aa-40d4-80a3-996fe0e0c480,Grace,Taylor,f07245df80ee034f9519eed5d761e5979380e417366cf1119c10328c6dfe9016,gracetaylor255@mail.com,18-04-1998,false,,false,,UGA,PATIENT
3d5844fe-0d2d-4d7e-b7b2-b27c5b2985c7,Jane,Davis,f07245df80ee034f9519eed5d761e5979380e417366cf1119c10328c6dfe9016,janedavis496@testmail.com,11-04-1980,true,11-04-2011,true,10-04-2009,SSD,PATIENT
77a6b5b3-af31-48ee-bb2e-78b2bd4169c0,Bob,Doe,f07245df80ee034f9519eed5d761e5979380e417366cf1119c10328c6dfe9016,bobdoe471@example.com,25-04-1998,false,,false,,MLI,PATIENT
2a9c1901-f028-491e-9bbd-66c15154470a,Grace,Taylor,f07245df80ee034f9519eed5d761e5979380e417366cf1119c10328c6dfe9016,gracetaylor451@testmail.com,11-04-1964,true,,false,22-03-1993,COD,PATIENT
235931b2-03fc-4b78-b246-99aeff4084c4,Frank,Anderson,f07245df80ee034f9519eed5d761e5979380e417366cf1119c10328c6dfe9016,frankanderson840@mail.com,29-12-2004,false,,false,,AGO,PATIENT
9f9ffe5d-0c19-4dc9-8b75-798a06d3b4ec,Grace,Johnson,f07245df80ee034f9519eed5d761e5979380e417366cf1119c10328c6dfe9016,gracejohnson297@testmail.com,13-12-1980,false,,false,,SDN,PATIENT
2bd5dd02-af4a-416c-9639-c9ad5e2cfd5a,John,Anderson,f07245df80ee034f9519eed5d761e5979380e417366cf1119c10328c6dfe9016,johnanderson351@mail.com,15-07-1970,false,,false,,SYC,PATIENT
f86f9610-ca75-43fe-a17c-1ac305bafea5,Frank,Taylor,f07245df80ee034f9519eed5d761e5979380e417366cf1119c10328c6dfe9016,franktaylor979@testmail.com,21-05-1975,true,,false,01-08-2016,MOZ,PATIENT
dd9e17ce-a90a-4246-aea1-1b0479b9e407,Test,Wilson,f07245df80ee034f9519eed5d761e5979380e417366cf1119c10328c6dfe9016,testwilson898@example.com,28-05-1981,true,,false,26-09-1986,CPV,PATIENT
9d1d6f75-998d-4cfa-a138-15c1b2eb531c,David,Anderson,f07245df80ee034f9519eed5d761e5979380e417366cf1119c10328c6dfe9016,davidanderson282@example.com,29-10-1971,true,23-01-2014,true,15-03-2002,KEN,PATIENT
9d2c8489-b496-49d4-8aa2-40b4d414e0ee,David,Patient,f07245df80ee034f9519eed5d761e5979380e417366cf1119c10328c6dfe9016,davidpatient996@testmail.com,26-11-1981,true,08-04-2000,true,20-03-1998,STP,PATIENT
2f3621c8-b78b-489a-903b-184fc0d72ed1,David,Johnson,f07245df80ee034f9519eed5d761e5979380e417366cf1119c10328c6dfe9016,davidjohnson664@mail.com,01-10-1976,true,,false,19-10-2013,ERI,PATIENT
67a70552-80ef-41e9-9b5e-f2281b569330,Bob,Anderson,f07245df80ee034f9519eed5d761e5979380e417366cf1119c10328c6dfe9016,bobanderson726@testmail.com,16-06-1976,true,,false,07-09-1994,NAM,PATIENT
f5b7a96d-495c-4bfa-9781-2eb01fced7c3,David,Patient,f07245df80ee034f9519eed5d761e5979380e417366cf1119c10328c6dfe9016,davidpatient571@mail.com,18-07-1979,false,,false,,TZA,PATIENT
7a912888-8066-4b59-b086-b481d89435d8,Eva,Brown,f07245df80ee034f9519eed5d761e5979380e417366cf1119c10328c6dfe9016,evabrown366@mail.com,04-08-1998,false,,false,,TUN,PATIENT
028aa48c-33f1-41ff-bd87-eef82d09ce4c,Grace,Johnson,f07245df80ee034f9519eed5d761e5979380e417366cf1119c10328c6dfe9016,gracejohnson855@example.com,22-05-1965,true,18-01-2020,true,02-05-2015,ERI,PATIENT
65e60440-5445-4043-b58c-e658730a374e,Grace,Brown,f07245df80ee034f9519eed5d761e5979380e417366cf1119c10328c6dfe9016,gracebrown324@example.com,19-11-1979,true,,false,15-01-1991,ZMB,PATIENT
fb50b2c2-7adc-4714-9c05-e794ea285980,Charlie,Thomas,f07245df80ee034f9519eed5d761e5979380e417366cf1119c10328c6dfe9016,charliethomas541@example.com,07-11-1993,false,,false,,STP,PATIENT
dc69684f-b747-477d-8d43-30b9cbbb6a0a,David,Anderson,f07245df80ee034f9519eed5d761e5979380e417366cf1119c10328c6dfe9016,davidanderson847@testmail.com,11-01-1966,false,,false,,ERI,PATIENT
a1a74bd7-e1e6-43a1-9261-69fe6daf24ee,Eva,Smith,f07245df80ee034f9519eed5d761e5979380e417366cf1119c10328c6dfe9016,evasmith531@testmail.com,07-09-1970,true,23-08-2004,true,03-11-1992,NER,PATIENT
e19a9c8c-8496-40de-8903-1e6bade637ee,Charlie,Doe,f07245df80ee034f9519eed5d761e5979380e417366cf1119c10328c6dfe9016,charliedoe476@mail.com,19-11-1965,false,,false,,AGO,PATIENT
4303876a-8bf7-4b9d-9658-a7b1b348c18d,Grace,Doe,f07245df80ee034f9519eed5d761e5979380e417366cf1119c10328c6dfe9016,gracedoe882@example.com,19-06-1984,true,,false,28-10-1999,COG,PATIENT
a0f1c9d8-c03a-488f-bba2-773e2b809f14,John,Wilson,f07245df80ee034f9519eed5d761e5979380e417366cf1119c10328c6dfe9016,johnwilson633@mail.com,02-07-1999,true,,false,01-02-2011,MDG,PATIENT
60088182-ea98-4825-bcb8-818e88d9a249,Charlie,Johnson,f07245df80ee034f9519eed5d761e5979380e417366cf1119c10328c6dfe9016,charliejohnson164@mail.com,26-02-1972,true,,false,04-08-2019,GAB,PATIENT
e5deae5a-8e8b-4543-bfba-765416828d19,Bob,Davis,f07245df80ee034f9519eed5d761e5979380e417366cf1119c10328c6dfe9016,bobdavis797@mail.com,05-09-1991,true,16-02-2013,true,03-03-2009,BWA,PATIENT
29a1296a-2e5c-4948-b18f-7b29bd4fee23,Jane,Thomas,f07245df80ee034f9519eed5d761e5979380e417366cf1119c10328c6dfe9016,janethomas841@mail.com,26-01-1985,true,,false,19-08-2012,MLI,PATIENT
b88a8c0d-9b78-4768-a5b2-3bdb53e14f01,Jane,Brown,f07245df80ee034f9519eed5d761e5979380e417366cf1119c10328c6dfe9016,janebrown857@mail.com,28-05-1967,true,,false,20-02-2012,ERI,PATIENT
9c29229b-2304-449c-8818-93eab702394f,John,Smith,f07245df80ee034f9519eed5d761e5979380e417366cf1119c10328c6dfe9016,johnsmith186@testmail.com,03-06-1965,false,,false,,RWA,PATIENT
14819905-456a-4933-96a9-53d601a44a3d,Charlie,Taylor,f07245df80ee034f9519eed5d761e5979380e417366cf1119c10328c6dfe9016,charlietaylor558@mail.com,23-09-1977,false,,false,,SYC,PATIENT
d4b2ebb4-783e-4a67-ac48-4c6a15d08082,Grace,Johnson,f07245df80ee034f9519eed5d761e5979380e417366cf1119c10328c6dfe9016,gracejohnson187@mail.com,25-04-1977,false,,false,,TCD,PATIENT
49a31ba8-47be-4677-aae6-2b0070bd4f0a,Test,Doe,f07245df80ee034f9519eed5d761e5979380e417366cf1119c10328c6dfe9016,testdoe378@testmail.com,03-01-1999,true,,false,09-02-2002,LBR,PATIENT
7dd49f53-2890-4404-98fb-e20685b11d80,Charlie,Anderson,f07245df80ee034f9519eed5d761e5979380e417366cf1119c10328c6dfe9016,charlieanderson276@testmail.com,15-03-1968,false,,false,,ZAF,PATIENT
6d447e89-d9c5-4401-bc95-4f906b674731,David,Anderson,f07245df80ee034f9519eed5d761e5979380e417366cf1119c10328c6dfe9016,davidanderson479@mail.com,04-04-1963,false,,false,,CPV,PATIENT
d7973cd0-d5b7-46a4-a940-434644825a33,Charlie,Patient,f07245df80ee034f9519eed5d761e5979380e417366cf1119c10328c6dfe9016,charliepatient801@mail.com,18-12-1988,true,,false,28-06-2020,KEN,PATIENT
e53329b4-a837-4890-87dc-0b61603d88d1,David,Davis,f07245df80ee034f9519eed5d761e5979380e417366cf1119c10328c6dfe9016,daviddavis946@testmail.com,07-05-1969,false,,false,,GHA,PATIENT
97a107ee-8ee0-4d14-9f61-eeb6b4140ff0,Bob,Brown,f07245df80ee034f9519eed5d761e5979380e417366cf1119c10328c6dfe9016,bobbrown422@example.com,21-05-1996,true,21-11-2020,true,26-06-2018,ERI,PATIENT
61fc8554-f7f2-4d75-bfaa-85d4d8a0a805,Test,Brown,f07245df80ee034f9519eed5d761e5979380e417366cf1119c10328c6dfe9016,testbrown827@example.com,29-11-1974,true,07-11-2014,true,14-12-2009,NGA,PATIENT
360559ab-ca1c-4b77-a86b-c5b3da5f9ad8,Grace,Smith,f07245df80ee034f9519eed5d761e5979380e417366cf1119c10328c6dfe9016,gracesmith485@example.com,23-08-1963,true,17-08-1998,true,14-04-1988,UGA,PATIENT
962f1fb5-8309-4068-897f-c01c231fc0eb,Bob,Brown,f07245df80ee034f9519eed5d761e5979380e417366cf1119c10328c6dfe9016,bobbrown17@example.com,31-01-1995,true,27-04-2020,true,03-08-2012,ZWE,PATIENT
a4ace8b0-3b8a-436d-aba3-602e1d577f6f,Frank,Brown,f07245df80ee034f9519eed5d761e5979380e417366cf1119c10328c6dfe9016,frankbrown735@testmail.com,30-10-1986,true,,false,20-06-2007,GIN,PATIENT
df4c055b-cae5-4b64-a716-d883e4b47eb1,Charlie,Doe,f07245df80ee034f9519eed5d761e5979380e417366cf1119c10328c6dfe9016,charliedoe317@example.com,08-03-1998,true,29-10-2014,true,28-08-1999,TZA,PATIENT
1b6c8fc2-8424-4818-b44b-a03c7bd11300,Eva,Anderson,f07245df80ee034f9519eed5d761e5979380e417366cf1119c10328c6dfe9016,evaanderson675@mail.com,07-09-1988,false,,false,,SSD,PATIENT
a0a7924d-69ab-440a-910d-21bd793fb50a,Grace,Anderson,f07245df80ee034f9519eed5d761e5979380e417366cf1119c10328c6dfe9016,graceanderson783@mail.com,07-07-2000,true,27-05-2010,true,07-05-2010,MLI,PATIENT
d9bcbbf7-aef1-428d-a147-c2601a84362b,Alice,Wilson,f07245df80ee034f9519eed5d761e5979380e417366cf1119c10328c6dfe9016,alicewilson356@testmail.com,06-04-1966,false,,false,,SOM,PATIENT
0d30cea9-083a-4e22-b419-ba0f225eb0b5,Bob,Doe,f07245df80ee034f9519eed5d761e5979380e417366cf1119c10328c6dfe9016,bobdoe694@testmail.com,03-06-1970,false,,false,,SSD,PATIENT
b4989742-94cd-4f89-93b5-3b355018f33a,John,Brown,f07245df80ee034f9519eed5d761e5979380e417366cf1119c10328c6dfe9016,johnbrown210@mail.com,26-10-1974,true,04-10-2006,true,25-11-1993,SWZ,PATIENT
69d5eeff-a988-4893-84e7-31c0cd7554ee,John,Johnson,f07245df80ee034f9519eed5d761e5979380e417366cf1119c10328c6dfe9016,johnjohnson364@mail.com,23-03-1968,true,05-04-2017,true,27-01-2016,CIV,PATIENT
6e2cedd6-36ed-4af1-b248-5b1608bd6db4,Charlie,Smith,f07245df80ee034f9519eed5d761e5979380e417366cf1119c10328c6dfe9016,charliesmith826@mail.com,20-08-1990,false,,false,,SWZ,PATIENT
0d2418b4-2418-412f-a27d-502edaf674cc,David,Anderson,f07245df80ee034f9519eed5d761e5979380e417366cf1119c10328c6dfe9016,davidanderson934@example.com,22-04-1993,false,,false,,CAF,PATIENT
f56f5512-e87a-424c-b26b-8daf8ab5dc09,David,Smith,f07245df80ee034f9519eed5d761e5979380e417366cf1119c10328c6dfe9016,davidsmith550@mail.com,25-09-1992,false,,false,,MWI,PATIENT
370e8023-bc4a-4392-8768-09aa2f119368,Bob,Anderson,f07245df80ee034f9519eed5d761e5979380e417366cf1119c10328c6dfe9016,bobanderson561@mail.com,28-11-1981,true,,false,17-07-1999,MRT,PATIENT
44931445-254f-4a5b-87d5-13741e73d6af,Jane,Taylor,f07245df80ee034f9519eed5d761e5979380e417366cf1119c10328c6dfe9016,janetaylor329@mail.com,13-07-1997,false,,false,,SYC,PATIENT
e3fac049-0e43-462d-957c-2e594697a4c2,Frank,Davis,f07245df80ee034f9519eed5d761e5979380e417366cf1119c10328c6dfe9016,frankdavis892@testmail.com,02-03-1983,false,,false,,ZMB,PATIENT
f9ec21ce-4710-45ef-a478-060fcad19c2b,David,Doe,f07245df80ee034f9519eed5d761e5979380e417366cf1119c10328c6dfe9016,daviddoe275@example.com,07-05-1994,false,,false,,MLI,PATIENT
f5a45e12-64da-4435-81c7-9806f76c87c3,Eva,Taylor,f07245df80ee034f9519eed5d761e5979380e417366cf1119c10328c6dfe9016,evataylor358@testmail.com,08-08-1981,true,,false,02-11-2015,GHA,PATIENT
54c68ea5-7052-428a-a351-9e04e456fa7a,Alice,Doe,f07245df80ee034f9519eed5d761e5979380e417366cf1119c10328c6dfe9016,alicedoe181@testmail.com,18-04-1986,true,,false,20-11-2014,DZA,PATIENT
5da9e8fd-b26f-428c-b69a-62f5d220505b,Grace,Smith,f07245df80ee034f9519eed5d761e5979380e417366cf1119c10328c6dfe9016,gracesmith444@testmail.com,17-04-1989,true,,false,01-09-2015,RWA,PATIENT
c4e26dbe-e5d3-48d3-bd79-6ecfcd9e5026,Jane,Doe,f07245df80ee034f9519eed5d761e5979380e417366cf1119c10328c6dfe9016,janedoe626@testmail.com,29-09-2004,true,02-11-2012,true,07-08-2010,AGO,PATIENT
05aa0170-5fc6-4522-a6b3-4d46a2cd87d1,Frank,Brown,f07245df80ee034f9519eed5d761e5979380e417366cf1119c10328c6dfe9016,frankbrown24@testmail.com,19-06-1966,false,,false,,AGO,PATIENT
e39f7587-672b-42e1-a723-f2e795bee666,John,Smith,f07245df80ee034f9519eed5d761e5979380e417366cf1119c10328c6dfe9016,johnsmith238@example.com,06-12-2000,true,27-12-2019,true,04-10-2016,BEN,PATIENT
54e3986a-184b-4888-a0c4-3f6966d2930b,David,Johnson,f07245df80ee034f9519eed5d761e5979380e417366cf1119c10328c6dfe9016,davidjohnson288@example.com,03-07-1969,false,,false,,NAM,PATIENT
e241cfd2-0424-48cf-b3a8-d030c59cbb02,David,Anderson,f07245df80ee034f9519eed5d761e5979380e417366cf1119c10328c6dfe9016,davidanderson3@testmail.com,05-05-1971,false,,false,,COG,PATIENT
84392dd6-4f54-49a3-a11f-7770873886c1,Charlie,Doe,f07245df80ee034f9519eed5d761e5979380e417366cf1119c10328c6dfe9016,charliedoe261@mail.com,21-05-1994,true,,false,13-04-2014,CPV,PATIENT
b02759f1-6589-4b1c-9071-a5296a2ccab6,Frank,Davis,f07245df80ee034f9519eed5d761e5979380e417366cf1119c10328c6dfe9016,frankdavis176@mail.com,09-09-1994,true,,false,02-02-2011,MUS,PATIENT
de58cc44-423f-4455-a500-ed5a8a15aa52,John,Doe,f07245df80ee034f9519eed5d761e5979380e417366cf1119c10328c6dfe9016,johndoe681@example.com,10-05-1981,false,,false,,AGO,PATIENT
b0dd5164-f9d0-4d33-9b40-c7beebee23b7,Jane,Doe,f07245df80ee034f9519eed5d761e5979380e417366cf1119c10328c6dfe9016,janedoe954@example.com,13-03-1989,true,29-06-2013,true,02-04-2003,SWZ,PATIENT
eadb902c-180a-4e3c-97d5-7e4bb19ffdc1,Jane,Brown,f07245df80ee034f9519eed5d761e5979380e417366cf1119c10328c6dfe9016,janebrown748@testmail.com,09-05-2002,true,,false,05-11-2004,GNB,PATIENT
7c8b5101-36c3-49f1-892c-352ac7081131,Bob,Smith,f07245df80ee034f9519eed5d761e5979380e417366cf1119c10328c6dfe9016,bobsmith226@example.com,01-02-1961,true,,false,16-06-1985,COM,PATIENT
cd716dc8-cc62-4359-8f2d-c7ffe6c2ccb5,Frank,Patient,f07245df80ee034f9519eed5d761e5979380e417366cf1119c10328c6dfe9016,frankpatient804@example.com,22-11-1985,true,24-10-2016,true,11-07-2005,BDI,PATIENT
e02d9ea4-e257-40c6-878d-7f9f77ca393a,Bob,Patient,f07245df80ee034f9519eed5d761e5979380e417366cf1119c10328c6dfe9016,bobpatient568@example.com,04-05-1961,true,28-02-2011,true,29-05-1971,SYC,PATIENT
5ae98258-bce9-4a1d-9bcf-36e115bb18a5,Jane,Taylor,f07245df80ee034f9519eed5d761e5979380e417366cf1119c10328c6dfe9016,janetaylor322@testmail.com,14-08-2001,false,,false,,GNQ,PATIENT
f50bea27-68ec-4ba0-9cd6-5c256b59a511,Grace,Patient,f07245df80ee034f9519eed5d761e5979380e417366cf1119c10328c6dfe9016,gracepatient725@testmail.com,03-11-1981,true,18-01-2019,true,20-09-2003,UGA,PATIENT
0728b6f1-a40a-4354-aadd-c30a13103314,Charlie,Taylor,f07245df80ee034f9519eed5d761e5979380e417366cf1119c10328c6dfe9016,charlietaylor15@example.com,19-08-1970,false,,false,,MAR,PATIENT
842362ce-7a78-4ad1-92ba-2948c65d0037,Eva,Smith,f07245df80ee034f9519eed5d761e5979380e417366cf1119c10328c6dfe9016,evasmith389@mail.com,30-07-2003,false,,false,,CPV,PATIENT
8f456277-3e32-4b21-971d-27a9ae3f069f,Jane,Anderson,f07245df80ee034f9519eed5d761e5979380e417366cf1119c10328c6dfe9016,janeanderson375@mail.com,13-12-1979,false,,false,,SYC,PATIENT
1dae32f3-8d20-4944-996a-b19551725251,Jane,Doe,f07245df80ee034f9519eed5d761e5979380e417366cf1119c10328c6dfe9016,janedoe581@mail.com,04-08-1994,false,,false,,MRT,PATIENT
518a0d3b-9cc0-4e91-8111-e8d1967fd35e,Charlie,Brown,f07245df80ee034f9519eed5d761e5979380e417366cf1119c10328c6dfe9016,charliebrown596@example.com,22-09-1968,false,,false,,GAB,PATIENT
07f53998-5e3f-44b2-9a5d-872cf9f553ec,Bob,Wilson,f07245df80ee034f9519eed5d761e5979380e417366cf1119c10328c6dfe9016,bobwilson126@testmail.com,09-04-1999,false,,false,,SLE,PATIENT
4abdab35-8b1c-446b-9e21-9afedc82db1e,David,Thomas,f07245df80ee034f9519eed5d761e5979380e417366cf1119c10328c6dfe9016,davidthomas369@example.com,14-08-1989,false,,false,,ZAF,PATIENT
d5a2c2fb-0793-4940-bbb5-f9585a6dbc23,Charlie,Doe,f07245df80ee034f9519eed5d761e5979380e417366cf1119c10328c6dfe9016,charliedoe534@mail.com,13-08-1989,false,,false,,TGO,PATIENT
927ab879-448b-4307-96c7-9e461b27a52f,Charlie,Davis,f07245df80ee034f9519eed5d761e5979380e417366cf1119c10328c6dfe9016,charliedavis984@testmail.com,21-10-2005,false,,false,,SSD,PATIENT
28d7a0a3-fe5c-474e-9800-ac7aea3cc50f,David,Brown,f07245df80ee034f9519eed5d761e5979380e417366cf1119c10328c6dfe9016,davidbrown990@mail.com,05-12-1997,false,,false,,SYC,PATIENT
fd0a65f9-1215-48e4-8987-21a066e575c8,David,Davis,f07245df80ee034f9519eed5d761e5979380e417366cf1119c10328c6dfe9016,daviddavis694@mail.com,02-06-1965,true,21-05-1979,true,03-11-1978,COD,PATIENT
77d0291b-82ed-45f8-82e9-825cbe6d0e61,Alice,Patient,f07245df80ee034f9519eed5d761e5979380e417366cf1119c10328c6dfe9016,alicepatient854@testmail.com,20-05-1964,true,,false,14-08-1993,TGO,PATIENT
e9278762-dab0-44f4-9c71-7c75c6ffcd46,Eva,Thomas,f07245df80ee034f9519eed5d761e5979380e417366cf1119c10328c6dfe9016,evathomas985@testmail.com,26-03-1985,false,,false,,MRT,PATIENT
310fd6e1-7f15-4e37-b253-ecc081e02fec,Grace,Brown,f07245df80ee034f9519eed5d761e5979380e417366cf1119c10328c6dfe9016,gracebrown922@testmail.com,21-10-1975,true,,false,13-02-2010,LBY,PATIENT
666b4ab1-4fca-4706-a020-c9cebc64efc8,Grace,Brown,f07245df80ee034f9519eed5d761e5979380e417366cf1119c10328c6dfe9016,gracebrown373@mail.com,28-03-1966,false,,false,,MDG,PATIENT
552b9488-6963-45bf-8b4c-4763bafd464d,Frank,Davis,f07245df80ee034f9519eed5d761e5979380e417366cf1119c10328c6dfe9016,frankdavis686@testmail.com,18-04-1960,false,,false,,TCD,PATIENT
bf4f66d3-db75-47e3-8be0-dbeb6cc43d6a,Frank,Taylor,f07245df80ee034f9519eed5d761e5979380e417366cf1119c10328c6dfe9016,franktaylor552@mail.com,20-04-1992,false,,false,,EGY,PATIENT
1d6d0e46-7bef-48a3-93de-64199925e062,Test,Anderson,f07245df80ee034f9519eed5d761e5979380e417366cf1119c10328c6dfe9016,testanderson803@mail.com,10-03-2005,true,06-06-2014,true,22-02-2009,ERI,PATIENT
4b2052b7-37cf-4183-a5dd-1f73565032c7,John,Patient,f07245df80ee034f9519eed5d761e5979380e417366cf1119c10328c6dfe9016,johnpatient959@testmail.com,15-04-1983,true,02-01-2016,true,08-10-2009,SSD,PATIENT
48a55c73-3603-4b50-aabd-d98cd0a78e06,Bob,Taylor,f07245df80ee034f9519eed5d761e5979380e417366cf1119c10328c6dfe9016,bobtaylor122@testmail.com,11-05-1978,true,,false,27-11-1990,GNB,PATIENT
9e879c90-2fa1-4744-8384-112114c5fe7e,Jane,Brown,f07245df80ee034f9519eed5d761e5979380e417366cf1119c10328c6dfe9016,janebrown681@testmail.com,19-01-1982,false,,false,,LSO,PATIENT
4c981d1f-7b24-4233-ac3b-96c8425ded35,Grace,Doe,f07245df80ee034f9519eed5d761e5979380e417366cf1119c10328c6dfe9016,gracedoe744@example.com,28-08-1988,true,,false,13-01-2015,MWI,PATIENT
814e26cd-f0ce-443c-b578-3d6d769e14d6,Eva,Patient,f07245df80ee034f9519eed5d761e5979380e417366cf1119c10328c6dfe9016,evapatient649@example.com,25-11-1979,false,,false,,BWA,PATIENT
be829aa5-9bad-4a66-a8b2-47886d112669,John,Smith,f07245df80ee034f9519eed5d761e5979380e417366cf1119c10328c6dfe9016,johnsmith380@testmail.com,26-04-2001,true,,false,27-08-2016,TCD,PATIENT
a73ceca9-ea71-4df9-b5e3-afeb775d3f16,Charlie,Brown,f07245df80ee034f9519eed5d761e5979380e417366cf1119c10328c6dfe9016,charliebrown203@testmail.com,12-08-1973,true,18-06-2004,true,15-04-1997,MDG,PATIENT
bc108173-6965-4892-a01a-aaeeee707683,John,Patient,f07245df80ee034f9519eed5d761e5979380e417366cf1119c10328c6dfe9016,johnpatient192@testmail.com,28-07-1983,true,05-09-2011,true,05-05-2000,DZA,PATIENT
a4d793fd-54c2-49f4-9f4b-404885d175d1,John,Patient,f07245df80ee034f9519eed5d761e5979380e417366cf1119c10328c6dfe9016,johnpatient338@mail.com,18-07-1963,false,,false,,BDI,PATIENT
09abbd72-37da-44ce-b78d-10cb6496e3af,David,Johnson,f07245df80ee034f9519eed5d761e5979380e417366cf1119c10328c6dfe9016,davidjohnson479@mail.com,31-07-1988,true,,false,02-05-1991,EGY,PATIENT
631a70d1-1aae-42b6-97ad-9a9becd95125,Alice,Smith,f07245df80ee034f9519eed5d761e5979380e417366cf1119c10328c6dfe9016,alicesmith227@example.com,25-10-1965,false,,false,,NER,PATIENT
65aa2cae-4d92-44f8-8d1a-2d70520dbd90,David,Davis,f07245df80ee034f9519eed5d761e5979380e417366cf1119c10328c6dfe9016,daviddavis243@example.com,18-07-1983,false,,false,,LSO,PATIENT
64b2fe13-55d1-4115-b6a3-41d40f777901,Bob,Johnson,f07245df80ee034f9519eed5d761e5979380e417366cf1119c10328c6dfe9016,bobjohnson561@example.com,02-03-2002,true,06-04-2012,true,22-03-2008,SLE,PATIENT
e8bc4fcd-1985-4a72-9b99-b4100d22529a,Jane,Smith,f07245df80ee034f9519eed5d761e5979380e417366cf1119c10328c6dfe9016,janesmith482@example.com,04-02-2003,false,,false,,ZMB,PATIENT
e5ec2746-0c53-4662-a608-fd95a2c9f56d,David,Brown,f07245df80ee034f9519eed5d761e5979380e417366cf1119c10328c6dfe9016,davidbrown146@testmail.com,15-08-1973,false,,false,,LSO,PATIENT
5a10d5a4-bd87-4a1f-9369-59fa6906aec8,Bob,Davis,f07245df80ee034f9519eed5d761e5979380e417366cf1119c10328c6dfe9016,bobdavis245@testmail.com,24-10-2001,true,14-09-2015,true,23-10-2014,ZWE,PATIENT
9cd6b7fb-51bf-4d76-95d7-63190fc3f7e0,Bob,Patient,f07245df80ee034f9519eed5d761e5979380e417366cf1119c10328c6dfe9016,bobpatient77@testmail.com,19-08-1982,false,,false,,ETH,PATIENT
5e554585-ed22-4ef3-a3af-a07e2b86eac7,Eva,Wilson,f07245df80ee034f9519eed5d761e5979380e417366cf1119c10328c6dfe9016,evawilson932@testmail.com,27-12-1968,true,,false,23-04-2006,TZA,PATIENT
446b40a9-7bb5-4579-b598-ab8bb7b3d0e3,Jane,Davis,f07245df80ee034f9519eed5d761e5979380e417366cf1119c10328c6dfe9016,janedavis197@mail.com,19-03-1983,true,,false,31-10-1995,SOM,PATIENT
d90cf062-7b7f-4aac-9092-c89e3de65e9f,Jane,Taylor,f07245df80ee034f9519eed5d761e5979380e417366cf1119c10328c6dfe9016,janetaylor306@mail.com,20-01-1980,true,,false,25-07-1989,DZA,PATIENT
1538afd3-1c7c-4f19-b818-71f74eab63d7,David,Patient,f07245df80ee034f9519eed5d761e5979380e417366cf1119c10328c6dfe9016,davidpatient544@testmail.com,11-10-1961,false,,false,,TUN,PATIENT
dee80b07-2cfc-4025-8522-7de571738089,John,Wilson,f07245df80ee034f9519eed5d761e5979380e417366cf1119c10328c6dfe9016,johnwilson741@testmail.com,31-10-1971,true,,false,07-04-2016,DJI,PATIENT
f1055a37-63b9-479b-a5f4-ca5dc9974adc,Bob,Wilson,f07245df80ee034f9519eed5d761e5979380e417366cf1119c10328c6dfe9016,bobwilson284@mail.com,03-11-1976,false,,false,,CIV,PATIENT
4a9e4869-6176-4dfa-8b8a-fcea53012fe1,Eva,Thomas,f07245df80ee034f9519eed5d761e5979380e417366cf1119c10328c6dfe9016,evathomas408@testmail.com,19-07-2005,false,,false,,ZWE,PATIENT
21b92646-bf10-46f4-bb6b-9a7be0bc960a,Grace,Brown,f07245df80ee034f9519eed5d761e5979380e417366cf1119c10328c6dfe9016,gracebrown972@testmail.com,11-10-1993,true,,false,20-05-1997,GNQ,PATIENT
cbacf11c-247a-442e-a72e-4e8f3260c450,Grace,Johnson,f07245df80ee034f9519eed5d761e5979380e417366cf1119c10328c6dfe9016,gracejohnson596@example.com,21-05-2000,false,,false,,ERI,PATIENT
f0b8a3fc-b9fc-479d-8ebf-70e71a8b2ebb,Test,Anderson,f07245df80ee034f9519eed5d761e5979380e417366cf1119c10328c6dfe9016,testanderson596@mail.com,09-04-2001,true,27-02-2018,true,10-04-2007,MAR,PATIENT
ca1a23db-285a-4239-bc84-b5469f2e4a84,John,Wilson,f07245df80ee034f9519eed5d761e5979380e417366cf1119c10328c6dfe9016,johnwilson346@testmail.com,14-11-1976,true,21-07-2010,true,19-06-2008,BWA,PATIENT
8703b611-fa7f-47d9-9c3a-188b4e026690,Grace,Smith,f07245df80ee034f9519eed5d761e5979380e417366cf1119c10328c6dfe9016,gracesmith961@mail.com,24-03-1964,true,16-09-2013,true,04-10-1992,SWZ,PATIENT
75f0862b-7042-4493-94c7-51eb2e86810f,Alice,Wilson,f07245df80ee034f9519eed5d761e5979380e417366cf1119c10328c6dfe9016,alicewilson470@example.com,27-02-1975,true,03-05-1998,true,04-10-1989,MDG,PATIENT
5b977a7a-174d-468d-9ff7-f0b1f34a16ec,David,Smith,f07245df80ee034f9519eed5d761e5979380e417366cf1119c10328c6dfe9016,davidsmith56@mail.com,21-02-2002,true,,false,06-05-2010,MRT,PATIENT
580e8e81-8cbc-4757-abeb-eaa96fe5f494,Alice,Wilson,f07245df80ee034f9519eed5d761e5979380e417366cf1119c10328c6dfe9016,alicewilson914@testmail.com,12-08-1962,true,,false,23-07-1979,CAF,PATIENT
ad3dfe4b-d32d-47b0-9409-fbfecf35a677,John,Doe,f07245df80ee034f9519eed5d761e5979380e417366cf1119c10328c6dfe9016,johndoe595@testmail.com,27-02-1985,false,,false,,DZA,PATIENT
e08ba062-4912-4190-89ff-c1f45165f11a,Grace,Johnson,f07245df80ee034f9519eed5d761e5979380e417366cf1119c10328c6dfe9016,gracejohnson173@testmail.com,16-01-1990,true,09-11-2020,true,16-12-2014,NER,PATIENT
e47c6a72-119b-4ee0-a292-ccd1ec03d85e,Jane,Anderson,f07245df80ee034f9519eed5d761e5979380e417366cf1119c10328c6dfe9016,janeanderson431@mail.com,18-01-1979,true,10-10-2019,true,17-03-2002,GAB,PATIENT
66232fae-3383-477b-a2da-d4774b22c8e1,Frank,Anderson,f07245df80ee034f9519eed5d761e5979380e417366cf1119c10328c6dfe9016,frankanderson445@testmail.com,22-02-1998,false,,false,,ZAF,PATIENT
e643f791-43c1-4c97-b981-42f28ca7d28d,Alice,Brown,f07245df80ee034f9519eed5d761e5979380e417366cf1119c10328c6dfe9016,alicebrown588@example.com,09-04-1961,true,,false,29-10-1994,SDN,PATIENT
8f07c958-e3db-4a66-9520-1a71104f8db4,Alice,Johnson,f07245df80ee034f9519eed5d761e5979380e417366cf1119c10328c6dfe9016,alicejohnson362@example.com,15-09-1992,true,,false,28-11-2007,AGO,PATIENT
facf7147-d46a-4b50-8173-e8daad941729,Frank,Johnson,f07245df80ee034f9519eed5d761e5979380e417366cf1119c10328c6dfe9016,frankjohnson436@mail.com,24-10-1991,false,,false,,SYC,PATIENT
2bea8758-ee87-455a-819d-b36773eaef58,Alice,Patient,f07245df80ee034f9519eed5d761e5979380e417366cf1119c10328c6dfe9016,alicepatient638@example.com,07-04-1962,false,,false,,ERI,PATIENT
c486feb7-4626-4d36-b50d-7ffa703e01fe,Alice,Taylor,f07245df80ee034f9519eed5d761e5979380e417366cf1119c10328c6dfe9016,alicetaylor556@testmail.com,01-05-1981,true,31-01-2017,true,12-12-1982,BWA,PATIENT
05e0196a-616c-4fec-90cc-8142ffecabbf,Jane,Taylor,f07245df80ee034f9519eed5d761e5979380e417366cf1119c10328c6dfe9016,janetaylor43@testmail.com,19-09-1974,false,,false,,NAM,PATIENT
00afbe53-26df-409c-b481-6774297454fa,John,Smith,f07245df80ee034f9519eed5d761e5979380e417366cf1119c10328c6dfe9016,johnsmith461@testmail.com,27-03-1985,true,,false,20-02-2008,MDG,PATIENT
2b9980bc-fbb9-49a3-8a86-eda5bb536978,Eva,Davis,f07245df80ee034f9519eed5d761e5979380e417366cf1119c10328c6dfe9016,evadavis648@mail.com,11-04-1986,true,,false,23-01-2013,SWZ,PATIENT
62670886-a3e7-41b9-9ded-f59b40109f14,David,Davis,f07245df80ee034f9519eed5d761e5979380e417366cf1119c10328c6dfe9016,daviddavis226@example.com,01-07-1990,false,,false,,SYC,PATIENT
ea15e4e7-da46-48f3-b340-d734f4550b6e,Charlie,Wilson,f07245df80ee034f9519eed5d761e5979380e417366cf1119c10328c6dfe9016,charliewilson589@mail.com,25-08-1965,false,,false,,SYC,PATIENT
ab5478cf-28aa-40dc-8c1a-eed42566f9ae,David,Smith,f07245df80ee034f9519eed5d761e5979380e417366cf1119c10328c6dfe9016,davidsmith81@mail.com,11-07-1982,true,,false,28-06-1984,GMB,PATIENT
89e5b18d-cb4a-4b51-ae0d-2ff7a885a65a,Frank,Wilson,f07245df80ee034f9519eed5d761e5979380e417366cf1119c10328c6dfe9016,frankwilson246@example.com,07-06-1987,false,,false,,ZAF,PATIENT
ce356135-5af3-41fa-ace7-9f97170250f8,Jane,Thomas,f07245df80ee034f9519eed5d761e5979380e417366cf1119c10328c6dfe9016,janethomas435@example.com,09-03-1972,false,,false,,TZA,PATIENT
87b4b7f7-4832-4985-a6f6-5bcb3b653a84,Frank,Johnson,f07245df80ee034f9519eed5d761e5979380e417366cf1119c10328c6dfe9016,frankjohnson838@example.com,16-02-1984,true,18-04-1997,true,02-06-1984,SOM,PATIENT
53764c6a-ac25-402a-8af2-80a414221fb4,Grace,Smith,f07245df80ee034f9519eed5d761e5979380e417366cf1119c10328c6dfe9016,gracesmith137@mail.com,05-05-1972,true,,false,26-07-2019,SOM,PATIENT
cd62faa6-0c7b-420e-93ab-f49ae8b66da3,Alice,Anderson,f07245df80ee034f9519eed5d761e5979380e417366cf1119c10328c6dfe9016,aliceanderson245@mail.com,05-10-1975,false,,false,,COG,PATIENT
a9d3455a-4bf0-43bd-8303-92e59fa41ff1,Jane,Johnson,f07245df80ee034f9519eed5d761e5979380e417366cf1119c10328c6dfe9016,janejohnson954@example.com,16-11-1995,false,,false,,TZA,PATIENT
a5db5ffd-a8a8-458c-b1e8-7ef497b35227,Test,Wilson,f07245df80ee034f9519eed5d761e5979380e417366cf1119c10328c6dfe9016,testwilson147@example.com,21-11-1995,false,,false,,MUS,PATIENT
2d728874-227f-4850-a3d7-3e290764d984,John,Thomas,f07245df80ee034f9519eed5d761e5979380e417366cf1119c10328c6dfe9016,johnthomas164@mail.com,30-04-1972,false,,false,,KEN,PATIENT
e67f6e2c-802e-423d-994a-c6e8fdab4ad7,Charlie,Doe,f07245df80ee034f9519eed5d761e5979380e417366cf1119c10328c6dfe9016,charliedoe636@testmail.com,22-05-1980,true,,false,17-02-1982,SOM,PATIENT
e7e232c0-a559-435c-a3eb-80144da2d7a8,Grace,Thomas,f07245df80ee034f9519eed5d761e5979380e417366cf1119c10328c6dfe9016,gracethomas433@testmail.com,09-05-1989,false,,false,,COD,PATIENT
6a27bad0-d86f-44b0-94bf-a45f492c016d,Test,Patient,f07245df80ee034f9519eed5d761e5979380e417366cf1119c10328c6dfe9016,testpatient829@example.com,19-09-1977,false,,false,,NAM,PATIENT
f6345eca-863d-4fde-b767-452441500459,Test,Brown,f07245df80ee034f9519eed5d761e5979380e417366cf1119c10328c6dfe9016,testbrown429@example.com,28-05-1964,true,,false,21-06-1976,MUS,PATIENT
88928d74-2ecf-4ea9-a2fd-3058ef6cad83,John,Davis,f07245df80ee034f9519eed5d761e5979380e417366cf1119c10328c6dfe9016,johndavis675@testmail.com,03-06-1968,true,,false,13-06-1999,NAM,PATIENT
1003cb00-a66f-408f-945b-5598eba84404,Eva,Johnson,f07245df80ee034f9519eed5d761e5979380e417366cf1119c10328c6dfe9016,evajohnson767@mail.com,13-06-1983,true,23-03-2018,true,31-10-1990,NER,PATIENT
8087b8d2-0d96-4d36-ac7f-7cc3dfc14f5b,John,Taylor,f07245df80ee034f9519eed5d761e5979380e417366cf1119c10328c6dfe9016,johntaylor452@example.com,10-09-1991,false,,false,,SYC,PATIENT
758f05ac-917c-44ac-beda-80a0a0f009af,David,Johnson,f07245df80ee034f9519eed5d761e5979380e417366cf1119c10328c6dfe9016,davidjohnson965@example.com,28-08-2004,false,,false,,SDN,PATIENT
a0eb918d-de1f-42f3-9e81-0bb191594513,Good,MyTest,f07245df80ee034f9519eed5d761e5979380e417366cf1119c10328c6dfe9016,mypatient@testmail.com,22-04-1995,true,,false,12-05-2018,ETH,PATIENT
914d19ce-0014-4257-8820-a87408cfe3d7,Free,Man,f07245df80ee034f9519eed5d761e5979380e417366cf1119c10328c6dfe9016,patient2@testmail.com,12-12-2004,true,14-02-2009,false,14-05-2012,RWA,PATIENT
7b4d4048-8f3b-48d8-9c3b-cc029d081233,Bruno,Goodman,f07245df80ee034f9519eed5d761e5979380e417366cf1119c10328c6dfe9016,patient1@testmail.com,14-02-1995,true,14-02-2011,true,12-04-2010,RWA,PATIENT
085e5e06-d9a8-4cb5-91bb-7254e4ca3e95,,,,patient3@testmail.com,,false,,false,,,"patient"
ebb90878-dd78-4a70-9012-11ea72c8d697,Bob,The Builder,f07245df80ee034f9519eed5d761e5979380e417366cf1119c10328c6dfe9016,patient5@testmail.com,12-12-2004,true,12-12-2006,true,12-12-2005,RWA,PATIENT
